    INFO: 2026-04-04 01:02:32,014:               log.py:   20: Logging to /home/rajat/COLLEGE/DATA SCIENCE/exam/mdpdf.log
   DEBUG: 2026-04-04 01:02:32,015:               cli.py:  103: /home/rajat/COLLEGE/DATA SCIENCE/exam/study_material.md
    INFO: 2026-04-04 01:02:32,015:         converter.py:   14: /home/rajat/COLLEGE/DATA SCIENCE/exam/study_material.md
   DEBUG: 2026-04-04 01:02:32,055:      pdf_renderer.py:  470: printSegment: 📘 Introduction to Data Science — Complete Study Material
   DEBUG: 2026-04-04 01:02:32,195:      pdf_renderer.py:  470: printSegment: Course Code:
   DEBUG: 2026-04-04 01:02:32,197:      pdf_renderer.py:  470: printSegment:  BCSE2C05 / BCCS2C01 / BMNC2C01 | 
   DEBUG: 2026-04-04 01:02:32,199:      pdf_renderer.py:  470: printSegment: Semester:
   DEBUG: 2026-04-04 01:02:32,200:      pdf_renderer.py:  470: printSegment:  II
   DEBUG: 2026-04-04 01:02:32,200:      pdf_renderer.py:  470: printSegment:  
   DEBUG: 2026-04-04 01:02:32,205:      pdf_renderer.py:  470: printSegment: This material covers every
   DEBUG: 2026-04-04 01:02:32,206:      pdf_renderer.py:  470: printSegment: concept from the syllabus in simple language so you can solve all question papers confidently.
   DEBUG: 2026-04-04 01:02:32,207:      pdf_renderer.py:  470: printSegment: 🔷 UNIT 1: INTRODUCTION TO DATA SCIENCE
   DEBUG: 2026-04-04 01:02:32,354:      pdf_renderer.py:  470: printSegment: 1.1 What is Data Science?
   DEBUG: 2026-04-04 01:02:32,354:      pdf_renderer.py:  470: printSegment: Data Science
   DEBUG: 2026-04-04 01:02:32,357:      pdf_renderer.py:  470: printSegment:  is a field that combines statistics, mathematics, programming, and domain knowledge to extract
   DEBUG: 2026-04-04 01:02:32,358:      pdf_renderer.py:  470: printSegment: meaningful insights from data.
   DEBUG: 2026-04-04 01:02:32,358:      pdf_renderer.py:  470: printSegment: In simple words:
   DEBUG: 2026-04-04 01:02:32,359:      pdf_renderer.py:  470: printSegment:  You have raw data → you clean it → analyse it → build models → make predictions or decisions.
   DEBUG: 2026-04-04 01:02:32,368:      pdf_renderer.py:  470: printSegment: Key Components:
   DEBUG: 2026-04-04 01:02:32,369:      pdf_renderer.py:  470: printSegment: l
   DEBUG: 2026-04-04 01:02:32,370:      pdf_renderer.py:  470: printSegment: Mathematics 
   DEBUG: 2026-04-04 01:02:32,371:      pdf_renderer.py:  470: printSegment: &
   DEBUG: 2026-04-04 01:02:32,371:      pdf_renderer.py:  470: printSegment:  Statistics
   DEBUG: 2026-04-04 01:02:32,372:      pdf_renderer.py:  470: printSegment:  — Probability, distributions, hypothesis testing.
   DEBUG: 2026-04-04 01:02:32,373:      pdf_renderer.py:  470: printSegment: l
   DEBUG: 2026-04-04 01:02:32,373:      pdf_renderer.py:  470: printSegment: Programming
   DEBUG: 2026-04-04 01:02:32,374:      pdf_renderer.py:  470: printSegment:  — Python, R, SQL for data manipulation.
   DEBUG: 2026-04-04 01:02:32,375:      pdf_renderer.py:  470: printSegment: l
   DEBUG: 2026-04-04 01:02:32,376:      pdf_renderer.py:  470: printSegment: Domain Knowledge
   DEBUG: 2026-04-04 01:02:32,376:      pdf_renderer.py:  470: printSegment:  — Understanding the business problem (healthcare, finance, etc).
   DEBUG: 2026-04-04 01:02:32,377:      pdf_renderer.py:  470: printSegment: l
   DEBUG: 2026-04-04 01:02:32,378:      pdf_renderer.py:  470: printSegment: Machine Learning
   DEBUG: 2026-04-04 01:02:32,378:      pdf_renderer.py:  470: printSegment:  — Algorithms that learn from data.
   DEBUG: 2026-04-04 01:02:32,379:      pdf_renderer.py:  470: printSegment: l
   DEBUG: 2026-04-04 01:02:32,380:      pdf_renderer.py:  470: printSegment: Visualization
   DEBUG: 2026-04-04 01:02:32,380:      pdf_renderer.py:  470: printSegment:  — Communicating findings through charts and graphs.
   DEBUG: 2026-04-04 01:02:32,382:      pdf_renderer.py:  470: printSegment: 1.2 What is Big Data?
   DEBUG: 2026-04-04 01:02:32,382:      pdf_renderer.py:  470: printSegment: Big Data
   DEBUG: 2026-04-04 01:02:32,383:      pdf_renderer.py:  470: printSegment:  = Datasets that are so large, fast, and complex that traditional tools (like Excel or MySQL) can
   DEBUG: 2026-04-04 01:02:32,384:      pdf_renderer.py:  470: printSegment: '
   DEBUG: 2026-04-04 01:02:32,385:      pdf_renderer.py:  470: printSegment: t handle
   DEBUG: 2026-04-04 01:02:32,385:      pdf_renderer.py:  470: printSegment: them.
   DEBUG: 2026-04-04 01:02:32,386:      pdf_renderer.py:  470: printSegment: Think of it this way:
   DEBUG: 2026-04-04 01:02:32,390:      pdf_renderer.py:  470: printSegment:  Excel can handle thousands of rows. But what if you have 10 billion rows of GPS data from
   DEBUG: 2026-04-04 01:02:32,390:      pdf_renderer.py:  470: printSegment: Uber drivers streaming in every second? That
   DEBUG: 2026-04-04 01:02:32,391:      pdf_renderer.py:  470: printSegment: '
   DEBUG: 2026-04-04 01:02:32,392:      pdf_renderer.py:  470: printSegment: s Big Data.
   DEBUG: 2026-04-04 01:02:32,392:      pdf_renderer.py:  470: printSegment: The 5 V
   DEBUG: 2026-04-04 01:02:32,393:      pdf_renderer.py:  470: printSegment: '
   DEBUG: 2026-04-04 01:02:32,393:      pdf_renderer.py:  470: printSegment: s of Big Data
   DEBUG: 2026-04-04 01:02:32,394:      pdf_renderer.py:  470: printSegment: | V | What it means | Real Example | Why it matters |
   DEBUG: 2026-04-04 01:02:32,395:      pdf_renderer.py:  470: printSegment:  
   DEBUG: 2026-04-04 01:02:32,396:      pdf_renderer.py:  470: printSegment: | :--- | :--- | :--- | :--- |
   DEBUG: 2026-04-04 01:02:32,396:      pdf_renderer.py:  470: printSegment:  
   DEBUG: 2026-04-04 01:02:32,397:      pdf_renderer.py:  470: printSegment: | 
   DEBUG: 2026-04-04 01:02:32,397:      pdf_renderer.py:  470: printSegment: Volume
   DEBUG: 2026-04-04 01:02:32,402:      pdf_renderer.py:  470: printSegment:  | Massive amount of data |
   DEBUG: 2026-04-04 01:02:32,403:      pdf_renderer.py:  470: printSegment: Facebook: 4+ petabytes/day (1 PB = 10 lakh GB) | Need distributed storage (Hadoop, cloud) |
   DEBUG: 2026-04-04 01:02:32,403:      pdf_renderer.py:  470: printSegment:  
   DEBUG: 2026-04-04 01:02:32,404:      pdf_renderer.py:  470: printSegment: | 
   DEBUG: 2026-04-04 01:02:32,405:      pdf_renderer.py:  470: printSegment: Velocity
   DEBUG: 2026-04-04 01:02:32,408:      pdf_renderer.py:  470: printSegment:  | Speed of
   DEBUG: 2026-04-04 01:02:32,409:      pdf_renderer.py:  470: printSegment: data generation | Stock market: millisecond updates | Need real-time processing (Kafka, Spark) |
   DEBUG: 2026-04-04 01:02:32,410:      pdf_renderer.py:  470: printSegment:  
   DEBUG: 2026-04-04 01:02:32,411:      pdf_renderer.py:  470: printSegment: | 
   DEBUG: 2026-04-04 01:02:32,411:      pdf_renderer.py:  470: printSegment: Variety
   DEBUG: 2026-04-04 01:02:32,416:      pdf_renderer.py:  470: printSegment:  | Different
   DEBUG: 2026-04-04 01:02:32,417:      pdf_renderer.py:  470: printSegment: types of data | Text + images + videos + GPS + audio | Need tools that handle all formats |
   DEBUG: 2026-04-04 01:02:32,417:      pdf_renderer.py:  470: printSegment:  
   DEBUG: 2026-04-04 01:02:32,418:      pdf_renderer.py:  470: printSegment: | 
   DEBUG: 2026-04-04 01:02:32,419:      pdf_renderer.py:  470: printSegment: Veracity
   DEBUG: 2026-04-04 01:02:32,422:      pdf_renderer.py:  470: printSegment:  | Quality and
   DEBUG: 2026-04-04 01:02:32,423:      pdf_renderer.py:  470: printSegment: trustworthiness | Twitter bots posting fake news | Need data validation and cleaning |
   DEBUG: 2026-04-04 01:02:32,424:      pdf_renderer.py:  470: printSegment:  
   DEBUG: 2026-04-04 01:02:32,425:      pdf_renderer.py:  470: printSegment: | 
   DEBUG: 2026-04-04 01:02:32,425:      pdf_renderer.py:  470: printSegment: Value
   DEBUG: 2026-04-04 01:02:32,430:      pdf_renderer.py:  470: printSegment:  | Usefulness after
   DEBUG: 2026-04-04 01:02:32,431:      pdf_renderer.py:  470: printSegment: processing | Netflix recommendations → saves $1B/year | Raw data is useless; insights are valuable |
   DEBUG: 2026-04-04 01:02:32,432:      pdf_renderer.py:  470: printSegment: Tools for Big Data:
   DEBUG: 2026-04-04 01:02:32,433:      pdf_renderer.py:  470: printSegment: l
   DEBUG: 2026-04-04 01:02:32,433:      pdf_renderer.py:  470: printSegment: Storage:
   DEBUG: 2026-04-04 01:02:32,434:      pdf_renderer.py:  470: printSegment:  Hadoop HDFS, Amazon S3, Google Cloud Storage
   DEBUG: 2026-04-04 01:02:32,435:      pdf_renderer.py:  470: printSegment: l
   DEBUG: 2026-04-04 01:02:32,436:      pdf_renderer.py:  470: printSegment: Processing:
   DEBUG: 2026-04-04 01:02:32,436:      pdf_renderer.py:  470: printSegment:  Apache Spark, MapReduce
   DEBUG: 2026-04-04 01:02:32,437:      pdf_renderer.py:  470: printSegment: l
   DEBUG: 2026-04-04 01:02:32,438:      pdf_renderer.py:  470: printSegment: Streaming:
   DEBUG: 2026-04-04 01:02:32,439:      pdf_renderer.py:  470: printSegment:  Apache Kafka, Apache Flink
   DEBUG: 2026-04-04 01:02:32,440:      pdf_renderer.py:  470: printSegment: 1.3 Evolution of Data Science
   DEBUG: 2026-04-04 01:02:32,441:      pdf_renderer.py:  470: printSegment: | Era | What Happened |
   DEBUG: 2026-04-04 01:02:32,441:      pdf_renderer.py:  470: printSegment:  
   DEBUG: 2026-04-04 01:02:32,442:      pdf_renderer.py:  470: printSegment: | :--- | :--- |
   DEBUG: 2026-04-04 01:02:32,443:      pdf_renderer.py:  470: printSegment:  
   DEBUG: 2026-04-04 01:02:32,443:      pdf_renderer.py:  470: printSegment: | 
   DEBUG: 2026-04-04 01:02:32,444:      pdf_renderer.py:  470: printSegment: 1960s–70s
   DEBUG: 2026-04-04 01:02:32,453:      pdf_renderer.py:  470: printSegment:  | Statistics and early computing. Data stored in flat files. |
   DEBUG: 2026-04-04 01:02:32,454:      pdf_renderer.py:  470: printSegment:  
   DEBUG: 2026-04-04 01:02:32,455:      pdf_renderer.py:  470: printSegment: | 
   DEBUG: 2026-04-04 01:02:32,455:      pdf_renderer.py:  470: printSegment: 1980s
   DEBUG: 2026-04-04 01:02:32,457:      pdf_renderer.py:  470: printSegment:  |
   DEBUG: 2026-04-04 01:02:32,458:      pdf_renderer.py:  470: printSegment: Relational databases invented (SQL). Data became queryable. |
   DEBUG: 2026-04-04 01:02:32,459:      pdf_renderer.py:  470: printSegment:  
   DEBUG: 2026-04-04 01:02:32,459:      pdf_renderer.py:  470: printSegment: | 
   DEBUG: 2026-04-04 01:02:32,460:      pdf_renderer.py:  470: printSegment: 1990s
   DEBUG: 2026-04-04 01:02:32,462:      pdf_renderer.py:  470: printSegment:  | Data Mining emerged — finding patterns in
   DEBUG: 2026-04-04 01:02:32,462:      pdf_renderer.py:  470: printSegment: databases. Data warehousing. |
   DEBUG: 2026-04-04 01:02:32,463:      pdf_renderer.py:  470: printSegment:  
   DEBUG: 2026-04-04 01:02:32,463:      pdf_renderer.py:  470: printSegment: | 
   DEBUG: 2026-04-04 01:02:32,463:      pdf_renderer.py:  470: printSegment: 2000s
   DEBUG: 2026-04-04 01:02:32,464:      pdf_renderer.py:  470: printSegment:  | Big Data era — Hadoop, distributed computing. Google
   DEBUG: 2026-04-04 01:02:32,465:      pdf_renderer.py:  470: printSegment: '
   DEBUG: 2026-04-04 01:02:32,465:      pdf_renderer.py:  470: printSegment: s MapReduce paper
   DEBUG: 2026-04-04 01:02:32,466:      pdf_renderer.py:  470: printSegment: (2004). |
   DEBUG: 2026-04-04 01:02:32,466:      pdf_renderer.py:  470: printSegment:  
   DEBUG: 2026-04-04 01:02:32,467:      pdf_renderer.py:  470: printSegment: | 
   DEBUG: 2026-04-04 01:02:32,467:      pdf_renderer.py:  470: printSegment: 2010s
   DEBUG: 2026-04-04 01:02:32,468:      pdf_renderer.py:  470: printSegment:  | Machine Learning 
   DEBUG: 2026-04-04 01:02:32,468:      pdf_renderer.py:  470: printSegment: &
   DEBUG: 2026-04-04 01:02:32,469:      pdf_renderer.py:  470: printSegment:  Deep Learning boom. Scikit-learn, TensorFlow. |
   DEBUG: 2026-04-04 01:02:32,469:      pdf_renderer.py:  470: printSegment:  
   DEBUG: 2026-04-04 01:02:32,470:      pdf_renderer.py:  470: printSegment: | 
   DEBUG: 2026-04-04 01:02:32,470:      pdf_renderer.py:  470: printSegment: 2020s
   DEBUG: 2026-04-04 01:02:32,473:      pdf_renderer.py:  470: printSegment:  | AI, Large
   DEBUG: 2026-04-04 01:02:32,474:      pdf_renderer.py:  470: printSegment: Language Models (GPT), AutoML, real-time analytics. Democratization of data science. |
   DEBUG: 2026-04-04 01:02:32,475:      pdf_renderer.py:  470: printSegment: 1.4 Data Science Lifecycle
   DEBUG: 2026-04-04 01:02:32,476:      pdf_renderer.py:  470: printSegment: This is the step-by-step process every data science project follows:
   DEBUG: 2026-04-04 01:02:32,477:      pdf_renderer.py:  470: printSegment: 1. Problem Definition
   DEBUG: 2026-04-04 01:02:32,478:      pdf_renderer.py:  470: printSegment:        ↓
   DEBUG: 2026-04-04 01:02:32,488:      pdf_renderer.py:  470: printSegment: 2. Data Collection
   DEBUG: 2026-04-04 01:02:32,488:      pdf_renderer.py:  470: printSegment:        ↓
   DEBUG: 2026-04-04 01:02:32,489:      pdf_renderer.py:  470: printSegment: 3. Data Cleaning
   DEBUG: 2026-04-04 01:02:32,490:      pdf_renderer.py:  470: printSegment:        ↓
   DEBUG: 2026-04-04 01:02:32,490:      pdf_renderer.py:  470: printSegment: 4. Exploratory Data Analysis (EDA)
   DEBUG: 2026-04-04 01:02:32,491:      pdf_renderer.py:  470: printSegment:        ↓
   DEBUG: 2026-04-04 01:02:32,491:      pdf_renderer.py:  470: printSegment: 5. Feature Engineering
   DEBUG: 2026-04-04 01:02:32,492:      pdf_renderer.py:  470: printSegment:        ↓
   DEBUG: 2026-04-04 01:02:32,493:      pdf_renderer.py:  470: printSegment: 6. Model Building
   DEBUG: 2026-04-04 01:02:32,493:      pdf_renderer.py:  470: printSegment:        ↓
   DEBUG: 2026-04-04 01:02:32,494:      pdf_renderer.py:  470: printSegment: 7. Model Evaluation
   DEBUG: 2026-04-04 01:02:32,494:      pdf_renderer.py:  470: printSegment:        ↓
   DEBUG: 2026-04-04 01:02:32,495:      pdf_renderer.py:  470: printSegment: 8. Deployment & Monitoring
   DEBUG: 2026-04-04 01:02:32,496:      pdf_renderer.py:  470: printSegment: Each Phase Explained:
   DEBUG: 2026-04-04 01:02:32,497:      pdf_renderer.py:  470: printSegment: 1. Problem Definition
   DEBUG: 2026-04-04 01:02:32,497:      pdf_renderer.py:  470: printSegment: l
   DEBUG: 2026-04-04 01:02:32,498:      pdf_renderer.py:  470: printSegment: Define WHAT you want to solve. Be specific.
   DEBUG: 2026-04-04 01:02:32,499:      pdf_renderer.py:  470: printSegment: l
   DEBUG: 2026-04-04 01:02:32,499:      pdf_renderer.py:  470: printSegment: ❌ Bad: 
   DEBUG: 2026-04-04 01:02:32,510:      pdf_renderer.py:  470: printSegment: "
   DEBUG: 2026-04-04 01:02:32,510:      pdf_renderer.py:  470: printSegment: Improve sales.
   DEBUG: 2026-04-04 01:02:32,511:      pdf_renderer.py:  470: printSegment: "
   DEBUG: 2026-04-04 01:02:32,512:      pdf_renderer.py:  470: printSegment:  ✅ Good: 
   DEBUG: 2026-04-04 01:02:32,512:      pdf_renderer.py:  470: printSegment: "
   DEBUG: 2026-04-04 01:02:32,513:      pdf_renderer.py:  470: printSegment: Predict which customers will churn in the next 30 days.
   DEBUG: 2026-04-04 01:02:32,514:      pdf_renderer.py:  470: printSegment: "
   DEBUG: 2026-04-04 01:02:32,514:      pdf_renderer.py:  470: printSegment: 2. Data Collection
   DEBUG: 2026-04-04 01:02:32,515:      pdf_renderer.py:  470: printSegment: l
   DEBUG: 2026-04-04 01:02:32,516:      pdf_renderer.py:  470: printSegment: Gather data from databases, APIs, surveys, web scraping, sensors.
   DEBUG: 2026-04-04 01:02:32,516:      pdf_renderer.py:  470: printSegment: l
   DEBUG: 2026-04-04 01:02:32,517:      pdf_renderer.py:  470: printSegment: Sources: CSV files, SQL databases, REST APIs, IoT devices.
   DEBUG: 2026-04-04 01:02:32,518:      pdf_renderer.py:  470: printSegment: 3. Data Cleaning
   DEBUG: 2026-04-04 01:02:32,519:      pdf_renderer.py:  470: printSegment: l
   DEBUG: 2026-04-04 01:02:32,519:      pdf_renderer.py:  470: printSegment: Real data is MESSY. You
   DEBUG: 2026-04-04 01:02:32,520:      pdf_renderer.py:  470: printSegment: '
   DEBUG: 2026-04-04 01:02:32,521:      pdf_renderer.py:  470: printSegment: ll spend 60-80% of time here.
   DEBUG: 2026-04-04 01:02:32,522:      pdf_renderer.py:  470: printSegment: l
   DEBUG: 2026-04-04 01:02:32,523:      pdf_renderer.py:  470: printSegment: Tasks: Handle missing values, remove duplicates, fix typos, standardize formats.
   DEBUG: 2026-04-04 01:02:32,524:      pdf_renderer.py:  470: printSegment: 4. Exploratory Data Analysis (EDA)
   DEBUG: 2026-04-04 01:02:32,524:      pdf_renderer.py:  470: printSegment: l
   DEBUG: 2026-04-04 01:02:32,525:      pdf_renderer.py:  470: printSegment: Understand relationships and patterns using statistics and plots.
   DEBUG: 2026-04-04 01:02:32,526:      pdf_renderer.py:  470: printSegment: l
   DEBUG: 2026-04-04 01:02:32,527:      pdf_renderer.py:  470: printSegment: Compute mean, median, mode. Draw histograms, boxplots, scatter plots.
   DEBUG: 2026-04-04 01:02:32,528:      pdf_renderer.py:  470: printSegment: 5. Feature Engineering
   DEBUG: 2026-04-04 01:02:32,528:      pdf_renderer.py:  470: printSegment: l
   DEBUG: 2026-04-04 01:02:32,529:      pdf_renderer.py:  470: printSegment: Create new useful columns from existing data.
   DEBUG: 2026-04-04 01:02:32,530:      pdf_renderer.py:  470: printSegment: l
   DEBUG: 2026-04-04 01:02:32,530:      pdf_renderer.py:  470: printSegment: Example: From 
   DEBUG: 2026-04-04 01:02:32,531:      pdf_renderer.py:  470: printSegment: Joining_Date
   DEBUG: 2026-04-04 01:02:32,532:      pdf_renderer.py:  470: printSegment: , create 
   DEBUG: 2026-04-04 01:02:32,533:      pdf_renderer.py:  470: printSegment: Tenure_Years = Today − Joining_Date
   DEBUG: 2026-04-04 01:02:32,542:      pdf_renderer.py:  470: printSegment: .
   DEBUG: 2026-04-04 01:02:32,543:      pdf_renderer.py:  470: printSegment: 6. Model Building
   DEBUG: 2026-04-04 01:02:32,544:      pdf_renderer.py:  470: printSegment: l
   DEBUG: 2026-04-04 01:02:32,545:      pdf_renderer.py:  470: printSegment: Choose and train ML algorithms: Linear Regression, Decision Tree, k-NN, K-Means, etc.
   DEBUG: 2026-04-04 01:02:32,545:      pdf_renderer.py:  470: printSegment: l
   DEBUG: 2026-04-04 01:02:32,546:      pdf_renderer.py:  470: printSegment: Split data: 80% training, 20% testing.
   DEBUG: 2026-04-04 01:02:32,547:      pdf_renderer.py:  470: printSegment: 7. Model Evaluation
   DEBUG: 2026-04-04 01:02:32,548:      pdf_renderer.py:  470: printSegment: l
   DEBUG: 2026-04-04 01:02:32,549:      pdf_renderer.py:  470: printSegment: Check how good the model is using metrics: Accuracy, Precision, Recall, F1-Score, RMSE.
   DEBUG: 2026-04-04 01:02:32,549:      pdf_renderer.py:  470: printSegment: 8. Deployment 
   DEBUG: 2026-04-04 01:02:32,550:      pdf_renderer.py:  470: printSegment: &
   DEBUG: 2026-04-04 01:02:32,550:      pdf_renderer.py:  470: printSegment:  Monitoring
   DEBUG: 2026-04-04 01:02:32,551:      pdf_renderer.py:  470: printSegment: l
   DEBUG: 2026-04-04 01:02:32,552:      pdf_renderer.py:  470: printSegment: Put the model into production (as an API, dashboard, or app).
   DEBUG: 2026-04-04 01:02:32,552:      pdf_renderer.py:  470: printSegment: l
   DEBUG: 2026-04-04 01:02:32,553:      pdf_renderer.py:  470: printSegment: Monitor for data drift — is the model still accurate over time?
   DEBUG: 2026-04-04 01:02:32,554:      pdf_renderer.py:  470: printSegment: 1.5 Data Mining
   DEBUG: 2026-04-04 01:02:32,555:      pdf_renderer.py:  470: printSegment: Data Mining
   DEBUG: 2026-04-04 01:02:32,556:      pdf_renderer.py:  470: printSegment:  = The process of discovering hidden patterns and useful knowledge from large datasets.
   DEBUG: 2026-04-04 01:02:32,556:      pdf_renderer.py:  470: printSegment: Two Types:
   DEBUG: 2026-04-04 01:02:32,557:      pdf_renderer.py:  470: printSegment: | Type | What it does | Question it answers | Techniques | Example |
   DEBUG: 2026-04-04 01:02:32,558:      pdf_renderer.py:  470: printSegment:  
   DEBUG: 2026-04-04 01:02:32,558:      pdf_renderer.py:  470: printSegment: | :--- | :--- | :--- | :--- | :--- |
   DEBUG: 2026-04-04 01:02:32,559:      pdf_renderer.py:  470: printSegment:  
   DEBUG: 2026-04-04 01:02:32,559:      pdf_renderer.py:  470: printSegment: | 
   DEBUG: 2026-04-04 01:02:32,560:      pdf_renderer.py:  470: printSegment: Descriptive
   DEBUG: 2026-04-04 01:02:32,561:      pdf_renderer.py:  470: printSegment:  |
   DEBUG: 2026-04-04 01:02:32,561:      pdf_renderer.py:  470: printSegment: Summarizes past data | 
   DEBUG: 2026-04-04 01:02:32,562:      pdf_renderer.py:  470: printSegment: "
   DEBUG: 2026-04-04 01:02:32,562:      pdf_renderer.py:  470: printSegment: What happened?
   DEBUG: 2026-04-04 01:02:32,563:      pdf_renderer.py:  470: printSegment: "
   DEBUG: 2026-04-04 01:02:32,564:      pdf_renderer.py:  470: printSegment:  | Clustering, Association Rules, Summarization | 
   DEBUG: 2026-04-04 01:02:32,564:      pdf_renderer.py:  470: printSegment: "
   DEBUG: 2026-04-04 01:02:32,565:      pdf_renderer.py:  470: printSegment: 60% of laptop buyers
   DEBUG: 2026-04-04 01:02:32,566:      pdf_renderer.py:  470: printSegment: also buy laptop bags
   DEBUG: 2026-04-04 01:02:32,566:      pdf_renderer.py:  470: printSegment: "
   DEBUG: 2026-04-04 01:02:32,567:      pdf_renderer.py:  470: printSegment:  |
   DEBUG: 2026-04-04 01:02:32,567:      pdf_renderer.py:  470: printSegment:  
   DEBUG: 2026-04-04 01:02:32,568:      pdf_renderer.py:  470: printSegment: | 
   DEBUG: 2026-04-04 01:02:32,568:      pdf_renderer.py:  470: printSegment: Predictive
   DEBUG: 2026-04-04 01:02:32,569:      pdf_renderer.py:  470: printSegment:  | Predicts future outcomes | 
   DEBUG: 2026-04-04 01:02:32,570:      pdf_renderer.py:  470: printSegment: "
   DEBUG: 2026-04-04 01:02:32,570:      pdf_renderer.py:  470: printSegment: What will happen?
   DEBUG: 2026-04-04 01:02:32,571:      pdf_renderer.py:  470: printSegment: "
   DEBUG: 2026-04-04 01:02:32,572:      pdf_renderer.py:  470: printSegment:  | Classification, Regression,
   DEBUG: 2026-04-04 01:02:32,572:      pdf_renderer.py:  470: printSegment: Time-series | 
   DEBUG: 2026-04-04 01:02:32,573:      pdf_renderer.py:  470: printSegment: "
   DEBUG: 2026-04-04 01:02:32,574:      pdf_renderer.py:  470: printSegment: Customer X has 78% chance of leaving
   DEBUG: 2026-04-04 01:02:32,574:      pdf_renderer.py:  470: printSegment: "
   DEBUG: 2026-04-04 01:02:32,575:      pdf_renderer.py:  470: printSegment:  |
   DEBUG: 2026-04-04 01:02:32,575:      pdf_renderer.py:  470: printSegment: How they work together:
   DEBUG: 2026-04-04 01:02:32,576:      pdf_renderer.py:  470: printSegment: Descriptive mining finds patterns → Predictive mining uses those patterns to forecast.
   DEBUG: 2026-04-04 01:02:32,578:      pdf_renderer.py:  470: printSegment: 1.6 Data Science Roles
   DEBUG: 2026-04-04 01:02:32,578:      pdf_renderer.py:  470: printSegment: | Role | What they do | Tools they use |
   DEBUG: 2026-04-04 01:02:32,579:      pdf_renderer.py:  470: printSegment:  
   DEBUG: 2026-04-04 01:02:32,580:      pdf_renderer.py:  470: printSegment: | :--- | :--- | :--- |
   DEBUG: 2026-04-04 01:02:32,580:      pdf_renderer.py:  470: printSegment:  
   DEBUG: 2026-04-04 01:02:32,581:      pdf_renderer.py:  470: printSegment: | 
   DEBUG: 2026-04-04 01:02:32,581:      pdf_renderer.py:  470: printSegment: Data Scientist
   DEBUG: 2026-04-04 01:02:32,584:      pdf_renderer.py:  470: printSegment:  | Analyses data, builds ML models, extracts
   DEBUG: 2026-04-04 01:02:32,585:      pdf_renderer.py:  470: printSegment: insights | Python, R, SQL, Scikit-learn |
   DEBUG: 2026-04-04 01:02:32,585:      pdf_renderer.py:  470: printSegment:  
   DEBUG: 2026-04-04 01:02:32,586:      pdf_renderer.py:  470: printSegment: | 
   DEBUG: 2026-04-04 01:02:32,587:      pdf_renderer.py:  470: printSegment: Data Engineer
   DEBUG: 2026-04-04 01:02:32,587:      pdf_renderer.py:  470: printSegment:  | Builds 
   DEBUG: 2026-04-04 01:02:32,588:      pdf_renderer.py:  470: printSegment: &
   DEBUG: 2026-04-04 01:02:32,590:      pdf_renderer.py:  470: printSegment:  maintains data pipelines and infrastructure |
   DEBUG: 2026-04-04 01:02:32,590:      pdf_renderer.py:  470: printSegment: Spark, Hadoop, Airflow, SQL |
   DEBUG: 2026-04-04 01:02:32,591:      pdf_renderer.py:  470: printSegment:  
   DEBUG: 2026-04-04 01:02:32,592:      pdf_renderer.py:  470: printSegment: | 
   DEBUG: 2026-04-04 01:02:32,592:      pdf_renderer.py:  470: printSegment: Data Analyst
   DEBUG: 2026-04-04 01:02:32,593:      pdf_renderer.py:  470: printSegment:  | Explores data, creates reports 
   DEBUG: 2026-04-04 01:02:32,594:      pdf_renderer.py:  470: printSegment: &
   DEBUG: 2026-04-04 01:02:32,595:      pdf_renderer.py:  470: printSegment:  dashboards | Excel, Power BI,
   DEBUG: 2026-04-04 01:02:32,595:      pdf_renderer.py:  470: printSegment: Tableau, SQL |
   DEBUG: 2026-04-04 01:02:32,596:      pdf_renderer.py:  470: printSegment:  
   DEBUG: 2026-04-04 01:02:32,596:      pdf_renderer.py:  470: printSegment: | 
   DEBUG: 2026-04-04 01:02:32,597:      pdf_renderer.py:  470: printSegment: ML Engineer
   DEBUG: 2026-04-04 01:02:32,598:      pdf_renderer.py:  470: printSegment:  | Deploys 
   DEBUG: 2026-04-04 01:02:32,598:      pdf_renderer.py:  470: printSegment: &
   DEBUG: 2026-04-04 01:02:32,599:      pdf_renderer.py:  470: printSegment:  scales ML models to production | Docker, Kubernetes, FastAPI |
   DEBUG: 2026-04-04 01:02:32,600:      pdf_renderer.py:  470: printSegment:  
   DEBUG: 2026-04-04 01:02:32,600:      pdf_renderer.py:  470: printSegment: | 
   DEBUG: 2026-04-04 01:02:32,601:      pdf_renderer.py:  470: printSegment: Business Analyst
   DEBUG: 2026-04-04 01:02:32,602:      pdf_renderer.py:  470: printSegment:  | Translates business needs into data requirements | Excel, communication skills |
   DEBUG: 2026-04-04 01:02:32,604:      pdf_renderer.py:  470: printSegment: 1.7 Applications of Data Science
   DEBUG: 2026-04-04 01:02:32,605:      pdf_renderer.py:  470: printSegment: | Industry | Application | How Data Science Helps |
   DEBUG: 2026-04-04 01:02:32,605:      pdf_renderer.py:  470: printSegment:  
   DEBUG: 2026-04-04 01:02:32,606:      pdf_renderer.py:  470: printSegment: | :--- | :--- | :--- |
   DEBUG: 2026-04-04 01:02:32,607:      pdf_renderer.py:  470: printSegment:  
   DEBUG: 2026-04-04 01:02:32,607:      pdf_renderer.py:  470: printSegment: | 
   DEBUG: 2026-04-04 01:02:32,608:      pdf_renderer.py:  470: printSegment: Healthcare
   DEBUG: 2026-04-04 01:02:32,610:      pdf_renderer.py:  470: printSegment:  | Disease prediction, drug discovery
   DEBUG: 2026-04-04 01:02:32,611:      pdf_renderer.py:  470: printSegment: | ML models diagnose diseases from scans |
   DEBUG: 2026-04-04 01:02:32,612:      pdf_renderer.py:  470: printSegment:  
   DEBUG: 2026-04-04 01:02:32,612:      pdf_renderer.py:  470: printSegment: | 
   DEBUG: 2026-04-04 01:02:32,613:      pdf_renderer.py:  470: printSegment: Finance
   DEBUG: 2026-04-04 01:02:32,615:      pdf_renderer.py:  470: printSegment:  | Fraud detection, credit scoring | Algorithms flag suspicious
   DEBUG: 2026-04-04 01:02:32,616:      pdf_renderer.py:  470: printSegment: transactions in real-time |
   DEBUG: 2026-04-04 01:02:32,617:      pdf_renderer.py:  470: printSegment:  
   DEBUG: 2026-04-04 01:02:32,617:      pdf_renderer.py:  470: printSegment: | 
   DEBUG: 2026-04-04 01:02:32,618:      pdf_renderer.py:  470: printSegment: E-Commerce
   DEBUG: 2026-04-04 01:02:32,619:      pdf_renderer.py:  470: printSegment:  | Product recommendations | 
   DEBUG: 2026-04-04 01:02:32,619:      pdf_renderer.py:  470: printSegment: "
   DEBUG: 2026-04-04 01:02:32,620:      pdf_renderer.py:  470: printSegment: Customers who bought X also bought Y
   DEBUG: 2026-04-04 01:02:32,621:      pdf_renderer.py:  470: printSegment: "
   DEBUG: 2026-04-04 01:02:32,621:      pdf_renderer.py:  470: printSegment:  |
   DEBUG: 2026-04-04 01:02:32,622:      pdf_renderer.py:  470: printSegment:  
   DEBUG: 2026-04-04 01:02:32,623:      pdf_renderer.py:  470: printSegment: | 
   DEBUG: 2026-04-04 01:02:32,623:      pdf_renderer.py:  470: printSegment: Transportation
   DEBUG: 2026-04-04 01:02:32,624:      pdf_renderer.py:  470: printSegment:  | Route optimization, demand prediction | Uber
   DEBUG: 2026-04-04 01:02:32,625:      pdf_renderer.py:  470: printSegment: '
   DEBUG: 2026-04-04 01:02:32,626:      pdf_renderer.py:  470: printSegment: s surge pricing, Google Maps ETA |
   DEBUG: 2026-04-04 01:02:32,627:      pdf_renderer.py:  470: printSegment:  
   DEBUG: 2026-04-04 01:02:32,627:      pdf_renderer.py:  470: printSegment: | 
   DEBUG: 2026-04-04 01:02:32,628:      pdf_renderer.py:  470: printSegment: Agriculture
   DEBUG: 2026-04-04 01:02:32,630:      pdf_renderer.py:  470: printSegment:  |
   DEBUG: 2026-04-04 01:02:32,631:      pdf_renderer.py:  470: printSegment: Crop yield prediction | Satellite + weather data for precision farming |
   DEBUG: 2026-04-04 01:02:32,632:      pdf_renderer.py:  470: printSegment:  
   DEBUG: 2026-04-04 01:02:32,633:      pdf_renderer.py:  470: printSegment: | 
   DEBUG: 2026-04-04 01:02:32,633:      pdf_renderer.py:  470: printSegment: Education
   DEBUG: 2026-04-04 01:02:32,635:      pdf_renderer.py:  470: printSegment:  | Student performance prediction |
   DEBUG: 2026-04-04 01:02:32,636:      pdf_renderer.py:  470: printSegment: Identify at-risk students early |
   DEBUG: 2026-04-04 01:02:32,637:      pdf_renderer.py:  470: printSegment:  
   DEBUG: 2026-04-04 01:02:32,638:      pdf_renderer.py:  470: printSegment: | 
   DEBUG: 2026-04-04 01:02:32,638:      pdf_renderer.py:  470: printSegment: Social Media
   DEBUG: 2026-04-04 01:02:32,640:      pdf_renderer.py:  470: printSegment:  | Sentiment analysis, ad targeting | Analyse millions of posts for
   DEBUG: 2026-04-04 01:02:32,641:      pdf_renderer.py:  470: printSegment: trends |
   DEBUG: 2026-04-04 01:02:32,641:      pdf_renderer.py:  470: printSegment:  
   DEBUG: 2026-04-04 01:02:32,642:      pdf_renderer.py:  470: printSegment: | 
   DEBUG: 2026-04-04 01:02:32,643:      pdf_renderer.py:  470: printSegment: Sports
   DEBUG: 2026-04-04 01:02:32,644:      pdf_renderer.py:  470: printSegment:  | Player performance analytics | Moneyball approach — data-driven team building |
   DEBUG: 2026-04-04 01:02:32,646:      pdf_renderer.py:  470: printSegment: 1.8 Data Collection Strategies
   DEBUG: 2026-04-04 01:02:32,646:      pdf_renderer.py:  470: printSegment: How do we actually GET data?
   DEBUG: 2026-04-04 01:02:32,648:      pdf_renderer.py:  470: printSegment: | Strategy | What it is | Example | Pros | Cons |
   DEBUG: 2026-04-04 01:02:32,648:      pdf_renderer.py:  470: printSegment:  
   DEBUG: 2026-04-04 01:02:32,649:      pdf_renderer.py:  470: printSegment: | :--- | :--- | :--- | :--- | :--- |
   DEBUG: 2026-04-04 01:02:32,650:      pdf_renderer.py:  470: printSegment:  
   DEBUG: 2026-04-04 01:02:32,651:      pdf_renderer.py:  470: printSegment: | 
   DEBUG: 2026-04-04 01:02:32,651:      pdf_renderer.py:  470: printSegment: Surveys
   DEBUG: 2026-04-04 01:02:32,655:      pdf_renderer.py:  470: printSegment:  | Questionnaires to people |
   DEBUG: 2026-04-04 01:02:32,656:      pdf_renderer.py:  470: printSegment: Google Forms feedback survey | Direct, specific | Small sample, response bias |
   DEBUG: 2026-04-04 01:02:32,657:      pdf_renderer.py:  470: printSegment:  
   DEBUG: 2026-04-04 01:02:32,658:      pdf_renderer.py:  470: printSegment: | 
   DEBUG: 2026-04-04 01:02:32,659:      pdf_renderer.py:  470: printSegment: Interviews
   DEBUG: 2026-04-04 01:02:32,663:      pdf_renderer.py:  470: printSegment:  | One-on-one
   DEBUG: 2026-04-04 01:02:32,664:      pdf_renderer.py:  470: printSegment: conversations | Interviewing patients for medical study | Deep insights | Time-consuming, not scalable |
   DEBUG: 2026-04-04 01:02:32,665:      pdf_renderer.py:  470: printSegment:  
   DEBUG: 2026-04-04 01:02:32,666:      pdf_renderer.py:  470: printSegment: | 
   DEBUG: 2026-04-04 01:02:32,666:      pdf_renderer.py:  470: printSegment: Observation
   DEBUG: 2026-04-04 01:02:32,667:      pdf_renderer.py:  470: printSegment:  | Watching 
   DEBUG: 2026-04-04 01:02:32,667:      pdf_renderer.py:  470: printSegment: &
   DEBUG: 2026-04-04 01:02:32,668:      pdf_renderer.py:  470: printSegment:  recording | Counting footfall in a mall | Authentic behavior | Observer bias |
   DEBUG: 2026-04-04 01:02:32,669:      pdf_renderer.py:  470: printSegment:  
   DEBUG: 2026-04-04 01:02:32,669:      pdf_renderer.py:  470: printSegment: | 
   DEBUG: 2026-04-04 01:02:32,669:      pdf_renderer.py:  470: printSegment: Experiments
   DEBUG: 2026-04-04 01:02:32,671:      pdf_renderer.py:  470: printSegment:  | Controlled tests | A/B testing a website button | Causal conclusions | Expensive, ethical concerns |
   DEBUG: 2026-04-04 01:02:32,671:      pdf_renderer.py:  470: printSegment:  
   DEBUG: 2026-04-04 01:02:32,671:      pdf_renderer.py:  470: printSegment: | 
   DEBUG: 2026-04-04 01:02:32,672:      pdf_renderer.py:  470: printSegment: Web Scraping
   DEBUG: 2026-04-04 01:02:32,675:      pdf_renderer.py:  470: printSegment:  | Extracting data from websites | Scraping prices from Flipkart | Large-scale, automated | Legal
   DEBUG: 2026-04-04 01:02:32,675:      pdf_renderer.py:  470: printSegment: issues, site structure changes |
   DEBUG: 2026-04-04 01:02:32,676:      pdf_renderer.py:  470: printSegment:  
   DEBUG: 2026-04-04 01:02:32,676:      pdf_renderer.py:  470: printSegment: | 
   DEBUG: 2026-04-04 01:02:32,677:      pdf_renderer.py:  470: printSegment: APIs
   DEBUG: 2026-04-04 01:02:32,679:      pdf_renderer.py:  470: printSegment:  | Programmatic data access | Twitter API for tweets | Structured, reliable | Rate
   DEBUG: 2026-04-04 01:02:32,679:      pdf_renderer.py:  470: printSegment: limits, authentication |
   DEBUG: 2026-04-04 01:02:32,680:      pdf_renderer.py:  470: printSegment:  
   DEBUG: 2026-04-04 01:02:32,680:      pdf_renderer.py:  470: printSegment: | 
   DEBUG: 2026-04-04 01:02:32,681:      pdf_renderer.py:  470: printSegment: Existing Data
   DEBUG: 2026-04-04 01:02:32,684:      pdf_renderer.py:  470: printSegment:  | Pre-collected datasets | Census data, Kaggle datasets | Free, readily available
   DEBUG: 2026-04-04 01:02:32,685:      pdf_renderer.py:  470: printSegment: | May not fit your exact need |
   DEBUG: 2026-04-04 01:02:32,685:      pdf_renderer.py:  470: printSegment:  
   DEBUG: 2026-04-04 01:02:32,686:      pdf_renderer.py:  470: printSegment: | 
   DEBUG: 2026-04-04 01:02:32,686:      pdf_renderer.py:  470: printSegment: Sensors/IoT
   DEBUG: 2026-04-04 01:02:32,689:      pdf_renderer.py:  470: printSegment:  | Automated from devices | Weather stations, fitness bands |
   DEBUG: 2026-04-04 01:02:32,690:      pdf_renderer.py:  470: printSegment: Continuous, real-time | Hardware costs, noise |
   DEBUG: 2026-04-04 01:02:32,691:      pdf_renderer.py:  470: printSegment: Primary vs Secondary Data:
   DEBUG: 2026-04-04 01:02:32,692:      pdf_renderer.py:  470: printSegment: | | Primary Data | Secondary Data |
   DEBUG: 2026-04-04 01:02:32,692:      pdf_renderer.py:  470: printSegment:  
   DEBUG: 2026-04-04 01:02:32,693:      pdf_renderer.py:  470: printSegment: |---|---|---|
   DEBUG: 2026-04-04 01:02:32,693:      pdf_renderer.py:  470: printSegment:  
   DEBUG: 2026-04-04 01:02:32,694:      pdf_renderer.py:  470: printSegment: | 
   DEBUG: 2026-04-04 01:02:32,694:      pdf_renderer.py:  470: printSegment: Collected by
   DEBUG: 2026-04-04 01:02:32,695:      pdf_renderer.py:  470: printSegment:  | You (first-hand) | Someone else (pre-existing) |
   DEBUG: 2026-04-04 01:02:32,696:      pdf_renderer.py:  470: printSegment:  
   DEBUG: 2026-04-04 01:02:32,696:      pdf_renderer.py:  470: printSegment: | 
   DEBUG: 2026-04-04 01:02:32,697:      pdf_renderer.py:  470: printSegment: Source
   DEBUG: 2026-04-04 01:02:32,698:      pdf_renderer.py:  470: printSegment:  | Surveys, experiments, interviews | Government reports, journals, Kaggle |
   DEBUG: 2026-04-04 01:02:32,698:      pdf_renderer.py:  470: printSegment:  
   DEBUG: 2026-04-04 01:02:32,699:      pdf_renderer.py:  470: printSegment: | 
   DEBUG: 2026-04-04 01:02:32,699:      pdf_renderer.py:  470: printSegment: Cost
   DEBUG: 2026-04-04 01:02:32,700:      pdf_renderer.py:  470: printSegment:  | Expensive | Cheap or
   DEBUG: 2026-04-04 01:02:32,701:      pdf_renderer.py:  470: printSegment: free |
   DEBUG: 2026-04-04 01:02:32,701:      pdf_renderer.py:  470: printSegment:  
   DEBUG: 2026-04-04 01:02:32,702:      pdf_renderer.py:  470: printSegment: | 
   DEBUG: 2026-04-04 01:02:32,702:      pdf_renderer.py:  470: printSegment: Fit
   DEBUG: 2026-04-04 01:02:32,703:      pdf_renderer.py:  470: printSegment:  | Perfectly fits your need | May not fit exactly |
   DEBUG: 2026-04-04 01:02:32,704:      pdf_renderer.py:  470: printSegment:  
   DEBUG: 2026-04-04 01:02:32,704:      pdf_renderer.py:  470: printSegment: | 
   DEBUG: 2026-04-04 01:02:32,705:      pdf_renderer.py:  470: printSegment: Example
   DEBUG: 2026-04-04 01:02:32,707:      pdf_renderer.py:  470: printSegment:  | Conducting a customer survey | Using Census
   DEBUG: 2026-04-04 01:02:32,707:      pdf_renderer.py:  470: printSegment: data for analysis |
   DEBUG: 2026-04-04 01:02:32,709:      pdf_renderer.py:  470: printSegment: 1.9 Sources of Data
   DEBUG: 2026-04-04 01:02:32,709:      pdf_renderer.py:  470: printSegment: 1. Time Series Data
   DEBUG: 2026-04-04 01:02:32,710:      pdf_renderer.py:  470: printSegment: l
   DEBUG: 2026-04-04 01:02:32,711:      pdf_renderer.py:  470: printSegment: What:
   DEBUG: 2026-04-04 01:02:32,711:      pdf_renderer.py:  470: printSegment:  Data collected at regular time intervals.
   DEBUG: 2026-04-04 01:02:32,712:      pdf_renderer.py:  470: printSegment: l
   DEBUG: 2026-04-04 01:02:32,713:      pdf_renderer.py:  470: printSegment: Example:
   DEBUG: 2026-04-04 01:02:32,714:      pdf_renderer.py:  470: printSegment:  Daily stock prices, hourly temperature readings, monthly sales figures.
   DEBUG: 2026-04-04 01:02:32,714:      pdf_renderer.py:  470: printSegment: l
   DEBUG: 2026-04-04 01:02:32,715:      pdf_renderer.py:  470: printSegment: Challenges:
   DEBUG: 2026-04-04 01:02:32,716:      pdf_renderer.py:  470: printSegment:  Handling trends, seasonality, missing timestamps.
   DEBUG: 2026-04-04 01:02:32,716:      pdf_renderer.py:  470: printSegment: l
   DEBUG: 2026-04-04 01:02:32,717:      pdf_renderer.py:  470: printSegment: Tools:
   DEBUG: 2026-04-04 01:02:32,718:      pdf_renderer.py:  470: printSegment:  Pandas 
   DEBUG: 2026-04-04 01:02:32,718:      pdf_renderer.py:  470: printSegment: DatetimeIndex
   DEBUG: 2026-04-04 01:02:32,719:      pdf_renderer.py:  470: printSegment: , ARIMA models.
   DEBUG: 2026-04-04 01:02:32,720:      pdf_renderer.py:  470: printSegment: 2. Transactional Data
   DEBUG: 2026-04-04 01:02:32,721:      pdf_renderer.py:  470: printSegment: l
   DEBUG: 2026-04-04 01:02:32,721:      pdf_renderer.py:  470: printSegment: What:
   DEBUG: 2026-04-04 01:02:32,722:      pdf_renderer.py:  470: printSegment:  Records of business events/transactions.
   DEBUG: 2026-04-04 01:02:32,723:      pdf_renderer.py:  470: printSegment: l
   DEBUG: 2026-04-04 01:02:32,723:      pdf_renderer.py:  470: printSegment: Example:
   DEBUG: 2026-04-04 01:02:32,724:      pdf_renderer.py:  470: printSegment:  E-commerce orders, bank transfers, POS receipts.
   DEBUG: 2026-04-04 01:02:32,725:      pdf_renderer.py:  470: printSegment: l
   DEBUG: 2026-04-04 01:02:32,726:      pdf_renderer.py:  470: printSegment: Challenges:
   DEBUG: 2026-04-04 01:02:32,727:      pdf_renderer.py:  470: printSegment:  High volume, real-time processing, data integrity.
   DEBUG: 2026-04-04 01:02:32,727:      pdf_renderer.py:  470: printSegment: 3. Biological Data
   DEBUG: 2026-04-04 01:02:32,728:      pdf_renderer.py:  470: printSegment: l
   DEBUG: 2026-04-04 01:02:32,729:      pdf_renderer.py:  470: printSegment: What:
   DEBUG: 2026-04-04 01:02:32,729:      pdf_renderer.py:  470: printSegment:  Data from living organisms.
   DEBUG: 2026-04-04 01:02:32,730:      pdf_renderer.py:  470: printSegment: l
   DEBUG: 2026-04-04 01:02:32,731:      pdf_renderer.py:  470: printSegment: Example:
   DEBUG: 2026-04-04 01:02:32,732:      pdf_renderer.py:  470: printSegment:  DNA sequences, protein structures, patient health records.
   DEBUG: 2026-04-04 01:02:32,732:      pdf_renderer.py:  470: printSegment: l
   DEBUG: 2026-04-04 01:02:32,733:      pdf_renderer.py:  470: printSegment: Challenges:
   DEBUG: 2026-04-04 01:02:32,734:      pdf_renderer.py:  470: printSegment:  Extremely large (human genome = 3 billion base pairs), privacy concerns (HIPAA).
   DEBUG: 2026-04-04 01:02:32,735:      pdf_renderer.py:  470: printSegment: 4. Spatial Data
   DEBUG: 2026-04-04 01:02:32,736:      pdf_renderer.py:  470: printSegment: l
   DEBUG: 2026-04-04 01:02:32,736:      pdf_renderer.py:  470: printSegment: What:
   DEBUG: 2026-04-04 01:02:32,737:      pdf_renderer.py:  470: printSegment:  Data tied to geographic locations.
   DEBUG: 2026-04-04 01:02:32,738:      pdf_renderer.py:  470: printSegment: l
   DEBUG: 2026-04-04 01:02:32,739:      pdf_renderer.py:  470: printSegment: Example:
   DEBUG: 2026-04-04 01:02:32,740:      pdf_renderer.py:  470: printSegment:  GPS coordinates, satellite images, GIS maps.
   DEBUG: 2026-04-04 01:02:32,740:      pdf_renderer.py:  470: printSegment: l
   DEBUG: 2026-04-04 01:02:32,741:      pdf_renderer.py:  470: printSegment: Challenges:
   DEBUG: 2026-04-04 01:02:32,742:      pdf_renderer.py:  470: printSegment:  Different coordinate systems, large file sizes, real-time processing.
   DEBUG: 2026-04-04 01:02:32,743:      pdf_renderer.py:  470: printSegment: l
   DEBUG: 2026-04-04 01:02:32,743:      pdf_renderer.py:  470: printSegment: Tools:
   DEBUG: 2026-04-04 01:02:32,744:      pdf_renderer.py:  470: printSegment:  Folium, GeoPandas, Google Maps API.
   DEBUG: 2026-04-04 01:02:32,745:      pdf_renderer.py:  470: printSegment: 5. Social Network Data
   DEBUG: 2026-04-04 01:02:32,746:      pdf_renderer.py:  470: printSegment: l
   DEBUG: 2026-04-04 01:02:32,747:      pdf_renderer.py:  470: printSegment: What:
   DEBUG: 2026-04-04 01:02:32,747:      pdf_renderer.py:  470: printSegment:  Data from social media interactions.
   DEBUG: 2026-04-04 01:02:32,748:      pdf_renderer.py:  470: printSegment: l
   DEBUG: 2026-04-04 01:02:32,749:      pdf_renderer.py:  470: printSegment: Example:
   DEBUG: 2026-04-04 01:02:32,752:      pdf_renderer.py:  470: printSegment:  Tweets, Facebook posts, LinkedIn connections, Instagram likes.
   DEBUG: 2026-04-04 01:02:32,753:      pdf_renderer.py:  470: printSegment: l
   DEBUG: 2026-04-04 01:02:32,754:      pdf_renderer.py:  470: printSegment: Challenges:
   DEBUG: 2026-04-04 01:02:32,755:      pdf_renderer.py:  470: printSegment:  Unstructured text, fake accounts/bots, API rate limits, privacy.
   DEBUG: 2026-04-04 01:02:32,756:      pdf_renderer.py:  470: printSegment: Data Evolution
   DEBUG: 2026-04-04 01:02:32,762:      pdf_renderer.py:  470: printSegment: Data is constantly evolving — new sources emerge (IoT sensors, wearables), formats change, volumes grow
   DEBUG: 2026-04-04 01:02:32,764:      pdf_renderer.py:  470: printSegment: exponentially. Modern data systems must be flexible enough to handle this.
   DEBUG: 2026-04-04 01:02:32,765:      pdf_renderer.py:  470: printSegment: 🔷 UNIT 2: EXPLORATORY DATA ANALYTICS
   DEBUG: 2026-04-04 01:02:32,766:      pdf_renderer.py:  470: printSegment: 2.1 Data Objects and Attribute Types
   DEBUG: 2026-04-04 01:02:32,766:      pdf_renderer.py:  470: printSegment: What is a Data Object?
   DEBUG: 2026-04-04 01:02:32,767:      pdf_renderer.py:  470: printSegment: A 
   DEBUG: 2026-04-04 01:02:32,767:      pdf_renderer.py:  470: printSegment: data object
   DEBUG: 2026-04-04 01:02:32,768:      pdf_renderer.py:  470: printSegment:  represents a single entity in your dataset — one row in a table.
   DEBUG: 2026-04-04 01:02:32,769:      pdf_renderer.py:  470: printSegment: l
   DEBUG: 2026-04-04 01:02:32,770:      pdf_renderer.py:  470: printSegment: In a student database → each student is a data object.
   DEBUG: 2026-04-04 01:02:32,770:      pdf_renderer.py:  470: printSegment: l
   DEBUG: 2026-04-04 01:02:32,771:      pdf_renderer.py:  470: printSegment: In a hospital → each patient is a data object.
   DEBUG: 2026-04-04 01:02:32,772:      pdf_renderer.py:  470: printSegment: What is an Attribute?
   DEBUG: 2026-04-04 01:02:32,772:      pdf_renderer.py:  470: printSegment: An 
   DEBUG: 2026-04-04 01:02:32,773:      pdf_renderer.py:  470: printSegment: attribute
   DEBUG: 2026-04-04 01:02:32,774:      pdf_renderer.py:  470: printSegment:  (also called a feature or column) describes a property of the data object.
   DEBUG: 2026-04-04 01:02:32,774:      pdf_renderer.py:  470: printSegment: l
   DEBUG: 2026-04-04 01:02:32,775:      pdf_renderer.py:  470: printSegment: Student
   DEBUG: 2026-04-04 01:02:32,775:      pdf_renderer.py:  470: printSegment: '
   DEBUG: 2026-04-04 01:02:32,776:      pdf_renderer.py:  470: printSegment: s 
   DEBUG: 2026-04-04 01:02:32,776:      pdf_renderer.py:  470: printSegment: Name
   DEBUG: 2026-04-04 01:02:32,777:      pdf_renderer.py:  470: printSegment: , 
   DEBUG: 2026-04-04 01:02:32,777:      pdf_renderer.py:  470: printSegment: Age
   DEBUG: 2026-04-04 01:02:32,778:      pdf_renderer.py:  470: printSegment: , 
   DEBUG: 2026-04-04 01:02:32,779:      pdf_renderer.py:  470: printSegment: CGPA
   DEBUG: 2026-04-04 01:02:32,779:      pdf_renderer.py:  470: printSegment:  — each is an attribute.
   DEBUG: 2026-04-04 01:02:32,780:      pdf_renderer.py:  470: printSegment: Types of Attributes:
   DEBUG: 2026-04-04 01:02:32,780:      pdf_renderer.py:  470: printSegment: Attributes
   DEBUG: 2026-04-04 01:02:32,781:      pdf_renderer.py:  470: printSegment: ├── Qualitative (Categorical)
   DEBUG: 2026-04-04 01:02:32,791:      pdf_renderer.py:  470: printSegment: │   ├── Nominal — No order (Color, Gender)
   DEBUG: 2026-04-04 01:02:32,792:      pdf_renderer.py:  470: printSegment: │   ├── Ordinal — Has order (Rating: Poor < Good < Excellent)
   DEBUG: 2026-04-04 01:02:32,793:      pdf_renderer.py:  470: printSegment: │   └── Binary — Only 2 values (Yes/No, True/False)
   DEBUG: 2026-04-04 01:02:32,794:      pdf_renderer.py:  470: printSegment: │       ├── Symmetric (both values equally important)
   DEBUG: 2026-04-04 01:02:32,795:      pdf_renderer.py:  470: printSegment: │       └── Asymmetric (one value is more significant)
   DEBUG: 2026-04-04 01:02:32,795:      pdf_renderer.py:  470: printSegment: └── Quantitative (Numeric)
   DEBUG: 2026-04-04 01:02:32,796:      pdf_renderer.py:  470: printSegment:     ├── Discrete — Countable (Number of students: 30, 31, 32)
   DEBUG: 2026-04-04 01:02:32,797:      pdf_renderer.py:  470: printSegment:     └── Continuous — Measurable (Height: 5.5 ft, Temperature: 36.7°C)
   DEBUG: 2026-04-04 01:02:32,798:      pdf_renderer.py:  470: printSegment: Detailed Breakdown:
   DEBUG: 2026-04-04 01:02:32,799:      pdf_renderer.py:  470: printSegment: Nominal
   DEBUG: 2026-04-04 01:02:32,800:      pdf_renderer.py:  470: printSegment:  — Just labels, no ordering.
   DEBUG: 2026-04-04 01:02:32,800:      pdf_renderer.py:  470: printSegment: l
   DEBUG: 2026-04-04 01:02:32,801:      pdf_renderer.py:  470: printSegment: Examples: City (Delhi, Mumbai, Pune), Blood Type (A, B, AB, O), Color (Red, Blue).
   DEBUG: 2026-04-04 01:02:32,802:      pdf_renderer.py:  470: printSegment: l
   DEBUG: 2026-04-04 01:02:32,803:      pdf_renderer.py:  470: printSegment: You CAN
   DEBUG: 2026-04-04 01:02:32,803:      pdf_renderer.py:  470: printSegment: '
   DEBUG: 2026-04-04 01:02:32,804:      pdf_renderer.py:  470: printSegment: T say: Delhi > Mumbai. They
   DEBUG: 2026-04-04 01:02:32,804:      pdf_renderer.py:  470: printSegment: '
   DEBUG: 2026-04-04 01:02:32,805:      pdf_renderer.py:  470: printSegment: re just different categories.
   DEBUG: 2026-04-04 01:02:32,806:      pdf_renderer.py:  470: printSegment: l
   DEBUG: 2026-04-04 01:02:32,807:      pdf_renderer.py:  470: printSegment: Operations: Only = or ≠ (equality check).
   DEBUG: 2026-04-04 01:02:32,807:      pdf_renderer.py:  470: printSegment: Ordinal
   DEBUG: 2026-04-04 01:02:32,808:      pdf_renderer.py:  470: printSegment:  — Categories WITH a meaningful order, but differences aren
   DEBUG: 2026-04-04 01:02:32,809:      pdf_renderer.py:  470: printSegment: '
   DEBUG: 2026-04-04 01:02:32,810:      pdf_renderer.py:  470: printSegment: t measurable.
   DEBUG: 2026-04-04 01:02:32,810:      pdf_renderer.py:  470: printSegment: l
   DEBUG: 2026-04-04 01:02:32,811:      pdf_renderer.py:  470: printSegment: Examples: Education (High School 
   DEBUG: 2026-04-04 01:02:32,812:      pdf_renderer.py:  470: printSegment: <
   DEBUG: 2026-04-04 01:02:32,812:      pdf_renderer.py:  470: printSegment:  Bachelor
   DEBUG: 2026-04-04 01:02:32,813:      pdf_renderer.py:  470: printSegment: '
   DEBUG: 2026-04-04 01:02:32,813:      pdf_renderer.py:  470: printSegment: s 
   DEBUG: 2026-04-04 01:02:32,814:      pdf_renderer.py:  470: printSegment: <
   DEBUG: 2026-04-04 01:02:32,815:      pdf_renderer.py:  470: printSegment:  Master
   DEBUG: 2026-04-04 01:02:32,815:      pdf_renderer.py:  470: printSegment: '
   DEBUG: 2026-04-04 01:02:32,816:      pdf_renderer.py:  470: printSegment: s 
   DEBUG: 2026-04-04 01:02:32,817:      pdf_renderer.py:  470: printSegment: <
   DEBUG: 2026-04-04 01:02:32,817:      pdf_renderer.py:  470: printSegment:  PhD), Star Rating (★ 
   DEBUG: 2026-04-04 01:02:32,818:      pdf_renderer.py:  470: printSegment: <
   DEBUG: 2026-04-04 01:02:32,819:      pdf_renderer.py:  470: printSegment:  ★★ 
   DEBUG: 2026-04-04 01:02:32,819:      pdf_renderer.py:  470: printSegment: <
   DEBUG: 2026-04-04 01:02:32,820:      pdf_renderer.py:  470: printSegment:  ★★★).
   DEBUG: 2026-04-04 01:02:32,820:      pdf_renderer.py:  470: printSegment: l
   DEBUG: 2026-04-04 01:02:32,821:      pdf_renderer.py:  470: printSegment: You CAN say: PhD > Bachelor
   DEBUG: 2026-04-04 01:02:32,822:      pdf_renderer.py:  470: printSegment: '
   DEBUG: 2026-04-04 01:02:32,822:      pdf_renderer.py:  470: printSegment: s. But 
   DEBUG: 2026-04-04 01:02:32,823:      pdf_renderer.py:  470: printSegment: "
   DEBUG: 2026-04-04 01:02:32,824:      pdf_renderer.py:  470: printSegment: PhD − Bachelor
   DEBUG: 2026-04-04 01:02:32,824:      pdf_renderer.py:  470: printSegment: '
   DEBUG: 2026-04-04 01:02:32,825:      pdf_renderer.py:  470: printSegment: s = 2 units
   DEBUG: 2026-04-04 01:02:32,826:      pdf_renderer.py:  470: printSegment: "
   DEBUG: 2026-04-04 01:02:32,826:      pdf_renderer.py:  470: printSegment:  doesn
   DEBUG: 2026-04-04 01:02:32,827:      pdf_renderer.py:  470: printSegment: '
   DEBUG: 2026-04-04 01:02:32,828:      pdf_renderer.py:  470: printSegment: t make sense.
   DEBUG: 2026-04-04 01:02:32,828:      pdf_renderer.py:  470: printSegment: l
   DEBUG: 2026-04-04 01:02:32,829:      pdf_renderer.py:  470: printSegment: Operations: =, ≠, 
   DEBUG: 2026-04-04 01:02:32,830:      pdf_renderer.py:  470: printSegment: <
   DEBUG: 2026-04-04 01:02:32,830:      pdf_renderer.py:  470: printSegment: , > (can compare).
   DEBUG: 2026-04-04 01:02:32,831:      pdf_renderer.py:  470: printSegment: Binary
   DEBUG: 2026-04-04 01:02:32,832:      pdf_renderer.py:  470: printSegment:  — Special case of nominal with exactly 2 values.
   DEBUG: 2026-04-04 01:02:32,833:      pdf_renderer.py:  470: printSegment: l
   DEBUG: 2026-04-04 01:02:32,834:      pdf_renderer.py:  470: printSegment: Symmetric Binary:
   DEBUG: 2026-04-04 01:02:32,834:      pdf_renderer.py:  470: printSegment:  Both values are equally important.
   DEBUG: 2026-04-04 01:02:32,835:      pdf_renderer.py:  470: printSegment: l
   DEBUG: 2026-04-04 01:02:32,836:      pdf_renderer.py:  470: printSegment: Example: Gender (Male/Female) — both are equally significant.
   DEBUG: 2026-04-04 01:02:32,836:      pdf_renderer.py:  470: printSegment: l
   DEBUG: 2026-04-04 01:02:32,837:      pdf_renderer.py:  470: printSegment: When measuring similarity, both 0-0 and 1-1 matches count.
   DEBUG: 2026-04-04 01:02:32,838:      pdf_renderer.py:  470: printSegment: l
   DEBUG: 2026-04-04 01:02:32,838:      pdf_renderer.py:  470: printSegment: Formula:
   DEBUG: 2026-04-04 01:02:32,839:      pdf_renderer.py:  470: printSegment:  Simple Matching Coefficient = (f₁₁ + f₀₀) / (f₁₁ + f₁₀ + f₀₁ + f₀₀)
   DEBUG: 2026-04-04 01:02:32,840:      pdf_renderer.py:  470: printSegment: l
   DEBUG: 2026-04-04 01:02:32,840:      pdf_renderer.py:  470: printSegment: Asymmetric Binary:
   DEBUG: 2026-04-04 01:02:32,841:      pdf_renderer.py:  470: printSegment:  One value (usually 1) is more important/rare.
   DEBUG: 2026-04-04 01:02:32,841:      pdf_renderer.py:  470: printSegment: l
   DEBUG: 2026-04-04 01:02:32,843:      pdf_renderer.py:  470: printSegment: Example: Disease Test (Positive=1, Negative=0) — positive is the rare, important
   DEBUG: 2026-04-04 01:02:32,843:      pdf_renderer.py:  470: printSegment: outcome.
   DEBUG: 2026-04-04 01:02:32,844:      pdf_renderer.py:  470: printSegment: l
   DEBUG: 2026-04-04 01:02:32,845:      pdf_renderer.py:  470: printSegment: When measuring similarity, only 1-1 matches count; 0-0 matches are ignored.
   DEBUG: 2026-04-04 01:02:32,845:      pdf_renderer.py:  470: printSegment: l
   DEBUG: 2026-04-04 01:02:32,846:      pdf_renderer.py:  470: printSegment: Formula:
   DEBUG: 2026-04-04 01:02:32,846:      pdf_renderer.py:  470: printSegment:  Jaccard Coefficient = f₁₁ / (f₁₁ + f₁₀ + f₀₁)
   DEBUG: 2026-04-04 01:02:32,847:      pdf_renderer.py:  470: printSegment: Discrete (Numeric)
   DEBUG: 2026-04-04 01:02:32,848:      pdf_renderer.py:  470: printSegment:  — Countable, whole numbers.
   DEBUG: 2026-04-04 01:02:32,848:      pdf_renderer.py:  470: printSegment: l
   DEBUG: 2026-04-04 01:02:32,849:      pdf_renderer.py:  470: printSegment: Examples: Number of children (0, 1, 2, 3), Number of rooms (1, 2, 3).
   DEBUG: 2026-04-04 01:02:32,850:      pdf_renderer.py:  470: printSegment: l
   DEBUG: 2026-04-04 01:02:32,850:      pdf_renderer.py:  470: printSegment: You CAN do math: Average number of children = 2.3.
   DEBUG: 2026-04-04 01:02:32,851:      pdf_renderer.py:  470: printSegment: Continuous (Numeric)
   DEBUG: 2026-04-04 01:02:32,852:      pdf_renderer.py:  470: printSegment:  — Can take any value in a range, including decimals.
   DEBUG: 2026-04-04 01:02:32,852:      pdf_renderer.py:  470: printSegment: l
   DEBUG: 2026-04-04 01:02:32,853:      pdf_renderer.py:  470: printSegment: Examples: Height (5.7 ft), Weight (65.3 kg), Temperature (36.6°C).
   DEBUG: 2026-04-04 01:02:32,854:      pdf_renderer.py:  470: printSegment: l
   DEBUG: 2026-04-04 01:02:32,855:      pdf_renderer.py:  470: printSegment: You CAN do all math: mean, std, variance, etc.
   DEBUG: 2026-04-04 01:02:32,856:      pdf_renderer.py:  470: printSegment: 2.2 Basic Statistical Descriptions
   DEBUG: 2026-04-04 01:02:32,857:      pdf_renderer.py:  470: printSegment: Statistics help us understand and summarize data. There are two key groups:
   DEBUG: 2026-04-04 01:02:32,858:      pdf_renderer.py:  470: printSegment: A. Measures of Central Tendency (Where is the 
   DEBUG: 2026-04-04 01:02:32,858:      pdf_renderer.py:  470: printSegment: "
   DEBUG: 2026-04-04 01:02:32,859:      pdf_renderer.py:  470: printSegment: center
   DEBUG: 2026-04-04 01:02:32,860:      pdf_renderer.py:  470: printSegment: "
   DEBUG: 2026-04-04 01:02:32,860:      pdf_renderer.py:  470: printSegment: ?)
   DEBUG: 2026-04-04 01:02:32,861:      pdf_renderer.py:  470: printSegment: 1. Mean (Average)
   DEBUG: 2026-04-04 01:02:32,861:      pdf_renderer.py:  470: printSegment: l
   DEBUG: 2026-04-04 01:02:32,862:      pdf_renderer.py:  470: printSegment: Formula: μ = Σxᵢ / N
   DEBUG: 2026-04-04 01:02:32,862:      pdf_renderer.py:  470: printSegment: l
   DEBUG: 2026-04-04 01:02:32,863:      pdf_renderer.py:  470: printSegment: Example: Data = {10, 20, 30, 40, 50} → Mean = 150/5 = 
   DEBUG: 2026-04-04 01:02:32,864:      pdf_renderer.py:  470: printSegment: 30
   DEBUG: 2026-04-04 01:02:32,865:      pdf_renderer.py:  470: printSegment: l
   DEBUG: 2026-04-04 01:02:32,865:      pdf_renderer.py:  470: printSegment: Sensitive to outliers:
   DEBUG: 2026-04-04 01:02:32,866:      pdf_renderer.py:  470: printSegment:  If data is {10, 20, 30, 40, 500} → Mean = 120 (pulled up by 500).
   DEBUG: 2026-04-04 01:02:32,867:      pdf_renderer.py:  470: printSegment: 2. Median (Middle Value)
   DEBUG: 2026-04-04 01:02:32,867:      pdf_renderer.py:  470: printSegment: l
   DEBUG: 2026-04-04 01:02:32,868:      pdf_renderer.py:  470: printSegment: Sort the data, pick the middle value.
   DEBUG: 2026-04-04 01:02:32,869:      pdf_renderer.py:  470: printSegment: l
   DEBUG: 2026-04-04 01:02:32,870:      pdf_renderer.py:  470: printSegment: Odd count: Middle element directly. {10, 20, 
   DEBUG: 2026-04-04 01:02:32,870:      pdf_renderer.py:  470: printSegment: 30
   DEBUG: 2026-04-04 01:02:32,871:      pdf_renderer.py:  470: printSegment: , 40, 50} → Median = 
   DEBUG: 2026-04-04 01:02:32,872:      pdf_renderer.py:  470: printSegment: 30
   DEBUG: 2026-04-04 01:02:32,872:      pdf_renderer.py:  470: printSegment: l
   DEBUG: 2026-04-04 01:02:32,873:      pdf_renderer.py:  470: printSegment: Even count: Average of two middle elements. {10, 20, 30, 40} → Median = (20+30)/2 = 
   DEBUG: 2026-04-04 01:02:32,874:      pdf_renderer.py:  470: printSegment: 25
   DEBUG: 2026-04-04 01:02:32,875:      pdf_renderer.py:  470: printSegment: l
   DEBUG: 2026-04-04 01:02:32,875:      pdf_renderer.py:  470: printSegment: Robust to outliers:
   DEBUG: 2026-04-04 01:02:32,876:      pdf_renderer.py:  470: printSegment:  {10, 20, 30, 40, 500} → Median = 
   DEBUG: 2026-04-04 01:02:32,877:      pdf_renderer.py:  470: printSegment: 30
   DEBUG: 2026-04-04 01:02:32,877:      pdf_renderer.py:  470: printSegment:  (unaffected
   DEBUG: 2026-04-04 01:02:32,878:      pdf_renderer.py:  470: printSegment: !
   DEBUG: 2026-04-04 01:02:32,878:      pdf_renderer.py:  470: printSegment: )
   DEBUG: 2026-04-04 01:02:32,879:      pdf_renderer.py:  470: printSegment: 3. Mode (Most Frequent)
   DEBUG: 2026-04-04 01:02:32,880:      pdf_renderer.py:  470: printSegment: l
   DEBUG: 2026-04-04 01:02:32,881:      pdf_renderer.py:  470: printSegment: The value that appears most often.
   DEBUG: 2026-04-04 01:02:32,881:      pdf_renderer.py:  470: printSegment: l
   DEBUG: 2026-04-04 01:02:32,882:      pdf_renderer.py:  470: printSegment: {10, 20, 20, 30, 40} → Mode = 
   DEBUG: 2026-04-04 01:02:32,883:      pdf_renderer.py:  470: printSegment: 20
   DEBUG: 2026-04-04 01:02:32,883:      pdf_renderer.py:  470: printSegment:  (appears twice).
   DEBUG: 2026-04-04 01:02:32,884:      pdf_renderer.py:  470: printSegment: l
   DEBUG: 2026-04-04 01:02:32,885:      pdf_renderer.py:  470: printSegment: A dataset can have no mode (all unique), one mode (unimodal), or multiple modes (bimodal,
   DEBUG: 2026-04-04 01:02:32,886:      pdf_renderer.py:  470: printSegment: multimodal).
   DEBUG: 2026-04-04 01:02:32,887:      pdf_renderer.py:  470: printSegment: When to use which?
   DEBUG: 2026-04-04 01:02:32,888:      pdf_renderer.py:  470: printSegment: | Situation | Use |
   DEBUG: 2026-04-04 01:02:32,888:      pdf_renderer.py:  470: printSegment:  
   DEBUG: 2026-04-04 01:02:32,889:      pdf_renderer.py:  470: printSegment: | :--- | :--- |
   DEBUG: 2026-04-04 01:02:32,889:      pdf_renderer.py:  470: printSegment:  
   DEBUG: 2026-04-04 01:02:32,890:      pdf_renderer.py:  470: printSegment: | Normal distribution, no outliers | 
   DEBUG: 2026-04-04 01:02:32,891:      pdf_renderer.py:  470: printSegment: Mean
   DEBUG: 2026-04-04 01:02:32,892:      pdf_renderer.py:  470: printSegment:  |
   DEBUG: 2026-04-04 01:02:32,892:      pdf_renderer.py:  470: printSegment:  
   DEBUG: 2026-04-04 01:02:32,893:      pdf_renderer.py:  470: printSegment: | Skewed data or outliers present | 
   DEBUG: 2026-04-04 01:02:32,894:      pdf_renderer.py:  470: printSegment: Median
   DEBUG: 2026-04-04 01:02:32,894:      pdf_renderer.py:  470: printSegment:  |
   DEBUG: 2026-04-04 01:02:32,895:      pdf_renderer.py:  470: printSegment:  
   DEBUG: 2026-04-04 01:02:32,896:      pdf_renderer.py:  470: printSegment: |
   DEBUG: 2026-04-04 01:02:32,897:      pdf_renderer.py:  470: printSegment: Categorical data | 
   DEBUG: 2026-04-04 01:02:32,897:      pdf_renderer.py:  470: printSegment: Mode
   DEBUG: 2026-04-04 01:02:32,898:      pdf_renderer.py:  470: printSegment:  |
   DEBUG: 2026-04-04 01:02:32,899:      pdf_renderer.py:  470: printSegment: B. Measures of Dispersion (How 
   DEBUG: 2026-04-04 01:02:32,900:      pdf_renderer.py:  470: printSegment: "
   DEBUG: 2026-04-04 01:02:32,901:      pdf_renderer.py:  470: printSegment: spread out
   DEBUG: 2026-04-04 01:02:32,901:      pdf_renderer.py:  470: printSegment: "
   DEBUG: 2026-04-04 01:02:32,902:      pdf_renderer.py:  470: printSegment:  is the data?)
   DEBUG: 2026-04-04 01:02:32,903:      pdf_renderer.py:  470: printSegment: 1. Range
   DEBUG: 2026-04-04 01:02:32,904:      pdf_renderer.py:  470: printSegment: l
   DEBUG: 2026-04-04 01:02:32,904:      pdf_renderer.py:  470: printSegment: Simplest measure: Range = Max − Min
   DEBUG: 2026-04-04 01:02:32,905:      pdf_renderer.py:  470: printSegment: l
   DEBUG: 2026-04-04 01:02:32,906:      pdf_renderer.py:  470: printSegment: {10, 20, 30, 40, 50} → Range = 50 − 10 = 
   DEBUG: 2026-04-04 01:02:32,906:      pdf_renderer.py:  470: printSegment: 40
   DEBUG: 2026-04-04 01:02:32,907:      pdf_renderer.py:  470: printSegment: l
   DEBUG: 2026-04-04 01:02:32,908:      pdf_renderer.py:  470: printSegment: Problem: Uses only 2 values, ignores everything in between.
   DEBUG: 2026-04-04 01:02:32,908:      pdf_renderer.py:  470: printSegment: 2. Quartiles (Q1, Q2, Q3)
   DEBUG: 2026-04-04 01:02:32,909:      pdf_renderer.py:  470: printSegment:  
   DEBUG: 2026-04-04 01:02:32,910:      pdf_renderer.py:  470: printSegment: Quartiles divide sorted data into 4 equal parts:
   DEBUG: 2026-04-04 01:02:32,910:      pdf_renderer.py:  470: printSegment: l
   DEBUG: 2026-04-04 01:02:32,911:      pdf_renderer.py:  470: printSegment: Q1 (25th percentile):
   DEBUG: 2026-04-04 01:02:32,912:      pdf_renderer.py:  470: printSegment:  25% of data is below this value.
   DEBUG: 2026-04-04 01:02:32,912:      pdf_renderer.py:  470: printSegment: l
   DEBUG: 2026-04-04 01:02:32,913:      pdf_renderer.py:  470: printSegment: Q2 (50th percentile):
   DEBUG: 2026-04-04 01:02:32,913:      pdf_renderer.py:  470: printSegment:  Same as the Median.
   DEBUG: 2026-04-04 01:02:32,914:      pdf_renderer.py:  470: printSegment: l
   DEBUG: 2026-04-04 01:02:32,915:      pdf_renderer.py:  470: printSegment: Q3 (75th percentile):
   DEBUG: 2026-04-04 01:02:32,915:      pdf_renderer.py:  470: printSegment:  75% of data is below this value.
   DEBUG: 2026-04-04 01:02:32,916:      pdf_renderer.py:  470: printSegment: Example: Data (sorted) = {5, 10, 15, 20, 25, 30, 35}
   DEBUG: 2026-04-04 01:02:32,917:      pdf_renderer.py:  470: printSegment: l
   DEBUG: 2026-04-04 01:02:32,917:      pdf_renderer.py:  470: printSegment: Q1 = Median of lower half {5, 10, 15} = 
   DEBUG: 2026-04-04 01:02:32,918:      pdf_renderer.py:  470: printSegment: 10
   DEBUG: 2026-04-04 01:02:32,918:      pdf_renderer.py:  470: printSegment: l
   DEBUG: 2026-04-04 01:02:32,919:      pdf_renderer.py:  470: printSegment: Q2 = Median of all = 
   DEBUG: 2026-04-04 01:02:32,920:      pdf_renderer.py:  470: printSegment: 20
   DEBUG: 2026-04-04 01:02:32,920:      pdf_renderer.py:  470: printSegment: l
   DEBUG: 2026-04-04 01:02:32,921:      pdf_renderer.py:  470: printSegment: Q3 = Median of upper half {25, 30, 35} = 
   DEBUG: 2026-04-04 01:02:32,922:      pdf_renderer.py:  470: printSegment: 30
   DEBUG: 2026-04-04 01:02:32,922:      pdf_renderer.py:  470: printSegment: 3. Interquartile Range (IQR)
   DEBUG: 2026-04-04 01:02:32,923:      pdf_renderer.py:  470: printSegment: l
   DEBUG: 2026-04-04 01:02:32,923:      pdf_renderer.py:  470: printSegment: IQR = Q3 − Q1 = 30 − 10 = 
   DEBUG: 2026-04-04 01:02:32,924:      pdf_renderer.py:  470: printSegment: 20
   DEBUG: 2026-04-04 01:02:32,925:      pdf_renderer.py:  470: printSegment: l
   DEBUG: 2026-04-04 01:02:32,925:      pdf_renderer.py:  470: printSegment: Represents the middle 50% of data.
   DEBUG: 2026-04-04 01:02:32,926:      pdf_renderer.py:  470: printSegment: l
   DEBUG: 2026-04-04 01:02:32,927:      pdf_renderer.py:  470: printSegment: Key use: Outlier Detection
   DEBUG: 2026-04-04 01:02:32,927:      pdf_renderer.py:  470: printSegment: !
   DEBUG: 2026-04-04 01:02:32,928:      pdf_renderer.py:  470: printSegment: l
   DEBUG: 2026-04-04 01:02:32,928:      pdf_renderer.py:  470: printSegment: Lower fence = Q1 − 1.5 × IQR
   DEBUG: 2026-04-04 01:02:32,929:      pdf_renderer.py:  470: printSegment: l
   DEBUG: 2026-04-04 01:02:32,929:      pdf_renderer.py:  470: printSegment: Upper fence = Q3 + 1.5 × IQR
   DEBUG: 2026-04-04 01:02:32,930:      pdf_renderer.py:  470: printSegment: l
   DEBUG: 2026-04-04 01:02:32,931:      pdf_renderer.py:  470: printSegment: Any value outside these fences = 
   DEBUG: 2026-04-04 01:02:32,931:      pdf_renderer.py:  470: printSegment: Outlier
   DEBUG: 2026-04-04 01:02:32,932:      pdf_renderer.py:  470: printSegment: 4. Variance (σ²)
   DEBUG: 2026-04-04 01:02:32,932:      pdf_renderer.py:  470: printSegment: l
   DEBUG: 2026-04-04 01:02:32,933:      pdf_renderer.py:  470: printSegment: Average of squared deviations from the mean.
   DEBUG: 2026-04-04 01:02:32,934:      pdf_renderer.py:  470: printSegment: l
   DEBUG: 2026-04-04 01:02:32,935:      pdf_renderer.py:  470: printSegment: Formula: σ² = Σ(xᵢ − μ)² / N
   DEBUG: 2026-04-04 01:02:32,935:      pdf_renderer.py:  470: printSegment: l
   DEBUG: 2026-04-04 01:02:32,936:      pdf_renderer.py:  470: printSegment: Tells you how much data varies from the average.
   DEBUG: 2026-04-04 01:02:32,937:      pdf_renderer.py:  470: printSegment: 5. Standard Deviation (σ)
   DEBUG: 2026-04-04 01:02:32,937:      pdf_renderer.py:  470: printSegment: l
   DEBUG: 2026-04-04 01:02:32,938:      pdf_renderer.py:  470: printSegment: Square root of variance: σ = √(σ²)
   DEBUG: 2026-04-04 01:02:32,939:      pdf_renderer.py:  470: printSegment: l
   DEBUG: 2026-04-04 01:02:32,939:      pdf_renderer.py:  470: printSegment: In the 
   DEBUG: 2026-04-04 01:02:32,940:      pdf_renderer.py:  470: printSegment: same units
   DEBUG: 2026-04-04 01:02:32,941:      pdf_renderer.py:  470: printSegment:  as the data (unlike variance which is in squared units).
   DEBUG: 2026-04-04 01:02:32,941:      pdf_renderer.py:  470: printSegment: l
   DEBUG: 2026-04-04 01:02:32,942:      pdf_renderer.py:  470: printSegment: Small σ = data points are close to the mean. Large σ = data is spread out.
   DEBUG: 2026-04-04 01:02:32,943:      pdf_renderer.py:  470: printSegment: Worked Example:
   DEBUG: 2026-04-04 01:02:32,944:      pdf_renderer.py:  470: printSegment: Data = {4, 8, 6, 5, 3}
   DEBUG: 2026-04-04 01:02:32,944:      pdf_renderer.py:  470: printSegment: Step 1:
   DEBUG: 2026-04-04 01:02:32,945:      pdf_renderer.py:  470: printSegment:  Mean = (4+8+6+5+3)/5 = 26/5 = 
   DEBUG: 2026-04-04 01:02:32,946:      pdf_renderer.py:  470: printSegment: 5.2
   DEBUG: 2026-04-04 01:02:32,946:      pdf_renderer.py:  470: printSegment: Step 2:
   DEBUG: 2026-04-04 01:02:32,947:      pdf_renderer.py:  470: printSegment:  Deviations:
   DEBUG: 2026-04-04 01:02:32,948:      pdf_renderer.py:  470: printSegment: | xᵢ | xᵢ − μ | (xᵢ − μ)² |
   DEBUG: 2026-04-04 01:02:32,948:      pdf_renderer.py:  470: printSegment:  
   DEBUG: 2026-04-04 01:02:32,949:      pdf_renderer.py:  470: printSegment: |:---:|:---:|:---:|
   DEBUG: 2026-04-04 01:02:32,949:      pdf_renderer.py:  470: printSegment:  
   DEBUG: 2026-04-04 01:02:32,950:      pdf_renderer.py:  470: printSegment: | 4 | −1.2 | 1.44 |
   DEBUG: 2026-04-04 01:02:32,951:      pdf_renderer.py:  470: printSegment:  
   DEBUG: 2026-04-04 01:02:32,952:      pdf_renderer.py:  470: printSegment: | 8 | 2.8 | 7.84 |
   DEBUG: 2026-04-04 01:02:32,952:      pdf_renderer.py:  470: printSegment:  
   DEBUG: 2026-04-04 01:02:32,953:      pdf_renderer.py:  470: printSegment: | 6 | 0.8 | 0.64 |
   DEBUG: 2026-04-04 01:02:32,953:      pdf_renderer.py:  470: printSegment:  
   DEBUG: 2026-04-04 01:02:32,954:      pdf_renderer.py:  470: printSegment: | 5 | −0.2 | 0.04 |
   DEBUG: 2026-04-04 01:02:32,955:      pdf_renderer.py:  470: printSegment:  
   DEBUG: 2026-04-04 01:02:32,955:      pdf_renderer.py:  470: printSegment: | 3 | −2.2 | 4.84 |
   DEBUG: 2026-04-04 01:02:32,956:      pdf_renderer.py:  470: printSegment:  
   DEBUG: 2026-04-04 01:02:32,957:      pdf_renderer.py:  470: printSegment: | 
   DEBUG: 2026-04-04 01:02:32,957:      pdf_renderer.py:  470: printSegment: Sum
   DEBUG: 2026-04-04 01:02:32,958:      pdf_renderer.py:  470: printSegment:  | | 
   DEBUG: 2026-04-04 01:02:32,958:      pdf_renderer.py:  470: printSegment: 14.80
   DEBUG: 2026-04-04 01:02:32,959:      pdf_renderer.py:  470: printSegment:  |
   DEBUG: 2026-04-04 01:02:32,960:      pdf_renderer.py:  470: printSegment: Step 3:
   DEBUG: 2026-04-04 01:02:32,961:      pdf_renderer.py:  470: printSegment:  Variance = 14.80 / 5 = 
   DEBUG: 2026-04-04 01:02:32,961:      pdf_renderer.py:  470: printSegment: 2.96
   DEBUG: 2026-04-04 01:02:32,962:      pdf_renderer.py:  470: printSegment: Step 4:
   DEBUG: 2026-04-04 01:02:32,963:      pdf_renderer.py:  470: printSegment:  Standard Deviation = √2.96 = 
   DEBUG: 2026-04-04 01:02:32,963:      pdf_renderer.py:  470: printSegment: 1.72
   DEBUG: 2026-04-04 01:02:32,965:      pdf_renderer.py:  470: printSegment: 2.3 Data Preprocessing
   DEBUG: 2026-04-04 01:02:32,966:      pdf_renderer.py:  470: printSegment: Raw data is ALMOST ALWAYS messy. Preprocessing transforms it into a usable format.
   DEBUG: 2026-04-04 01:02:32,967:      pdf_renderer.py:  470: printSegment: Why is Preprocessing Needed?
   DEBUG: 2026-04-04 01:02:32,967:      pdf_renderer.py:  470: printSegment: l
   DEBUG: 2026-04-04 01:02:32,968:      pdf_renderer.py:  470: printSegment: Real data has missing values, duplicates, errors, noise.
   DEBUG: 2026-04-04 01:02:32,969:      pdf_renderer.py:  470: printSegment: l
   DEBUG: 2026-04-04 01:02:32,970:      pdf_renderer.py:  470: printSegment: ML models can
   DEBUG: 2026-04-04 01:02:32,970:      pdf_renderer.py:  470: printSegment: '
   DEBUG: 2026-04-04 01:02:32,971:      pdf_renderer.py:  470: printSegment: t work with NaN values.
   DEBUG: 2026-04-04 01:02:32,971:      pdf_renderer.py:  470: printSegment: l
   DEBUG: 2026-04-04 01:02:32,972:      pdf_renderer.py:  470: printSegment: Features at different scales (age: 0-100, salary: 0-1000000) cause problems.
   DEBUG: 2026-04-04 01:02:32,972:      pdf_renderer.py:  470: printSegment: l
   DEBUG: 2026-04-04 01:02:32,973:      pdf_renderer.py:  470: printSegment: Clean data → Better models → Better predictions.
   DEBUG: 2026-04-04 01:02:32,974:      pdf_renderer.py:  470: printSegment: The Four Steps:
   DEBUG: 2026-04-04 01:02:32,974:      pdf_renderer.py:  470: printSegment: Step 1: Data Cleaning
   DEBUG: 2026-04-04 01:02:32,975:      pdf_renderer.py:  470: printSegment: a) Handling Missing Values
   DEBUG: 2026-04-04 01:02:32,976:      pdf_renderer.py:  470: printSegment: Why data goes missing: Sensor malfunction, user skipped a field, data entry error.
   DEBUG: 2026-04-04 01:02:32,977:      pdf_renderer.py:  470: printSegment: | Method | How it works | When to use | Code |
   DEBUG: 2026-04-04 01:02:32,978:      pdf_renderer.py:  470: printSegment:  
   DEBUG: 2026-04-04 01:02:32,978:      pdf_renderer.py:  470: printSegment: | :--- | :--- | :--- | :--- |
   DEBUG: 2026-04-04 01:02:32,979:      pdf_renderer.py:  470: printSegment:  
   DEBUG: 2026-04-04 01:02:32,979:      pdf_renderer.py:  470: printSegment: | 
   DEBUG: 2026-04-04 01:02:32,980:      pdf_renderer.py:  470: printSegment: Delete rows
   DEBUG: 2026-04-04 01:02:32,982:      pdf_renderer.py:  470: printSegment:  | Remove entire row with missing
   DEBUG: 2026-04-04 01:02:32,982:      pdf_renderer.py:  470: printSegment: value | Missing % is very small (
   DEBUG: 2026-04-04 01:02:32,983:      pdf_renderer.py:  470: printSegment: <
   DEBUG: 2026-04-04 01:02:32,983:      pdf_renderer.py:  470: printSegment: 5%) | 
   DEBUG: 2026-04-04 01:02:32,984:      pdf_renderer.py:  470: printSegment: df.dropna()
   DEBUG: 2026-04-04 01:02:32,985:      pdf_renderer.py:  470: printSegment:  |
   DEBUG: 2026-04-04 01:02:32,985:      pdf_renderer.py:  470: printSegment:  
   DEBUG: 2026-04-04 01:02:32,986:      pdf_renderer.py:  470: printSegment: | 
   DEBUG: 2026-04-04 01:02:32,986:      pdf_renderer.py:  470: printSegment: Delete columns
   DEBUG: 2026-04-04 01:02:32,988:      pdf_renderer.py:  470: printSegment:  | Remove entire column | Column has
   DEBUG: 2026-04-04 01:02:32,988:      pdf_renderer.py:  470: printSegment: >50% missing | 
   DEBUG: 2026-04-04 01:02:32,989:      pdf_renderer.py:  470: printSegment: df.drop(columns=['col'])
   DEBUG: 2026-04-04 01:02:32,990:      pdf_renderer.py:  470: printSegment:  |
   DEBUG: 2026-04-04 01:02:32,990:      pdf_renderer.py:  470: printSegment:  
   DEBUG: 2026-04-04 01:02:32,991:      pdf_renderer.py:  470: printSegment: | 
   DEBUG: 2026-04-04 01:02:32,992:      pdf_renderer.py:  470: printSegment: Fill with Mean
   DEBUG: 2026-04-04 01:02:32,994:      pdf_renderer.py:  470: printSegment:  | Replace NaN with column average |
   DEBUG: 2026-04-04 01:02:32,995:      pdf_renderer.py:  470: printSegment: Numeric, normally distributed | 
   DEBUG: 2026-04-04 01:02:32,996:      pdf_renderer.py:  470: printSegment: df['col'].fillna(df['col'].mean())
   DEBUG: 2026-04-04 01:02:32,996:      pdf_renderer.py:  470: printSegment:  |
   DEBUG: 2026-04-04 01:02:32,997:      pdf_renderer.py:  470: printSegment:  
   DEBUG: 2026-04-04 01:02:32,997:      pdf_renderer.py:  470: printSegment: | 
   DEBUG: 2026-04-04 01:02:32,998:      pdf_renderer.py:  470: printSegment: Fill with Median
   DEBUG: 2026-04-04 01:02:33,000:      pdf_renderer.py:  470: printSegment:  | Replace
   DEBUG: 2026-04-04 01:02:33,001:      pdf_renderer.py:  470: printSegment: NaN with column median | Numeric, skewed data or outliers | 
   DEBUG: 2026-04-04 01:02:33,002:      pdf_renderer.py:  470: printSegment: df['col'].fillna(df['col'].median())
   DEBUG: 2026-04-04 01:02:33,003:      pdf_renderer.py:  470: printSegment: 
   DEBUG: 2026-04-04 01:02:33,003:      pdf_renderer.py:  470: printSegment: |
   DEBUG: 2026-04-04 01:02:33,004:      pdf_renderer.py:  470: printSegment:  
   DEBUG: 2026-04-04 01:02:33,004:      pdf_renderer.py:  470: printSegment: | 
   DEBUG: 2026-04-04 01:02:33,005:      pdf_renderer.py:  470: printSegment: Fill with Mode
   DEBUG: 2026-04-04 01:02:33,006:      pdf_renderer.py:  470: printSegment:  | Replace NaN with most frequent value | Categorical data | 
   DEBUG: 2026-04-04 01:02:33,007:      pdf_renderer.py:  470: printSegment: df['col'].fillna(df['col'].mode()[0])
   DEBUG: 2026-04-04 01:02:33,008:      pdf_renderer.py:  470: printSegment:  |
   DEBUG: 2026-04-04 01:02:33,008:      pdf_renderer.py:  470: printSegment:  
   DEBUG: 2026-04-04 01:02:33,009:      pdf_renderer.py:  470: printSegment: | 
   DEBUG: 2026-04-04 01:02:33,010:      pdf_renderer.py:  470: printSegment: Forward Fill (ffill)
   DEBUG: 2026-04-04 01:02:33,011:      pdf_renderer.py:  470: printSegment:  | Use previous valid value |
   DEBUG: 2026-04-04 01:02:33,012:      pdf_renderer.py:  470: printSegment: Time-series data | 
   DEBUG: 2026-04-04 01:02:33,012:      pdf_renderer.py:  470: printSegment: df['col'].ffill()
   DEBUG: 2026-04-04 01:02:33,013:      pdf_renderer.py:  470: printSegment:  |
   DEBUG: 2026-04-04 01:02:33,014:      pdf_renderer.py:  470: printSegment:  
   DEBUG: 2026-04-04 01:02:33,014:      pdf_renderer.py:  470: printSegment: | 
   DEBUG: 2026-04-04 01:02:33,015:      pdf_renderer.py:  470: printSegment: Backward Fill (bfill)
   DEBUG: 2026-04-04 01:02:33,016:      pdf_renderer.py:  470: printSegment:  | Use next valid value | Time-series data | 
   DEBUG: 2026-04-04 01:02:33,017:      pdf_renderer.py:  470: printSegment: df['col'].bfill()
   DEBUG: 2026-04-04 01:02:33,017:      pdf_renderer.py:  470: printSegment:  |
   DEBUG: 2026-04-04 01:02:33,018:      pdf_renderer.py:  470: printSegment:  
   DEBUG: 2026-04-04 01:02:33,019:      pdf_renderer.py:  470: printSegment: | 
   DEBUG: 2026-04-04 01:02:33,020:      pdf_renderer.py:  470: printSegment: Interpolation
   DEBUG: 2026-04-04 01:02:33,021:      pdf_renderer.py:  470: printSegment:  | Estimate based on surrounding values | Continuous, smooth data | 
   DEBUG: 2026-04-04 01:02:33,023:      pdf_renderer.py:  470: printSegment: df['col'].interpolate()
   DEBUG: 2026-04-04 01:02:33,024:      pdf_renderer.py:  470: printSegment:  |
   DEBUG: 2026-04-04 01:02:33,026:      pdf_renderer.py:  470: printSegment: Types of Missingness (Advanced):
   DEBUG: 2026-04-04 01:02:33,027:      pdf_renderer.py:  470: printSegment: l
   DEBUG: 2026-04-04 01:02:33,028:      pdf_renderer.py:  470: printSegment: MCAR (Missing Completely At Random):
   DEBUG: 2026-04-04 01:02:33,030:      pdf_renderer.py:  470: printSegment:  Missingness has no pattern — purely random. Safe to
   DEBUG: 2026-04-04 01:02:33,032:      pdf_renderer.py:  470: printSegment: delete.
   DEBUG: 2026-04-04 01:02:33,033:      pdf_renderer.py:  470: printSegment: l
   DEBUG: 2026-04-04 01:02:33,035:      pdf_renderer.py:  470: printSegment: MAR (Missing At Random):
   DEBUG: 2026-04-04 01:02:33,041:      pdf_renderer.py:  470: printSegment:  Missingness depends on another observed variable. E.g., Income is
   DEBUG: 2026-04-04 01:02:33,043:      pdf_renderer.py:  470: printSegment: missing more for low-education people. Use conditional imputation.
   DEBUG: 2026-04-04 01:02:33,045:      pdf_renderer.py:  470: printSegment: l
   DEBUG: 2026-04-04 01:02:33,046:      pdf_renderer.py:  470: printSegment: MNAR (Missing Not At Random):
   DEBUG: 2026-04-04 01:02:33,056:      pdf_renderer.py:  470: printSegment:  Missingness depends on the missing value itself. E.g.,
   DEBUG: 2026-04-04 01:02:33,059:      pdf_renderer.py:  470: printSegment: high-income people refuse to report income. Hardest to handle — need domain knowledge.
   DEBUG: 2026-04-04 01:02:33,061:      pdf_renderer.py:  470: printSegment: b) Handling Noisy Data
   DEBUG: 2026-04-04 01:02:33,063:      pdf_renderer.py:  470: printSegment: Noise = random errors in data (typos, sensor glitches).
   DEBUG: 2026-04-04 01:02:33,064:      pdf_renderer.py:  470: printSegment: | Method | How it works |
   DEBUG: 2026-04-04 01:02:33,065:      pdf_renderer.py:  470: printSegment:  
   DEBUG: 2026-04-04 01:02:33,066:      pdf_renderer.py:  470: printSegment: | :--- | :--- |
   DEBUG: 2026-04-04 01:02:33,066:      pdf_renderer.py:  470: printSegment:  
   DEBUG: 2026-04-04 01:02:33,067:      pdf_renderer.py:  470: printSegment: | 
   DEBUG: 2026-04-04 01:02:33,068:      pdf_renderer.py:  470: printSegment: Binning
   DEBUG: 2026-04-04 01:02:33,069:      pdf_renderer.py:  470: printSegment:  | Sort data, divide into bins, smooth by bin mean/median/boundary |
   DEBUG: 2026-04-04 01:02:33,070:      pdf_renderer.py:  470: printSegment:  
   DEBUG: 2026-04-04 01:02:33,070:      pdf_renderer.py:  470: printSegment: | 
   DEBUG: 2026-04-04 01:02:33,071:      pdf_renderer.py:  470: printSegment: Regression
   DEBUG: 2026-04-04 01:02:33,072:      pdf_renderer.py:  470: printSegment:  | Fit data to a smooth function |
   DEBUG: 2026-04-04 01:02:33,073:      pdf_renderer.py:  470: printSegment:  
   DEBUG: 2026-04-04 01:02:33,073:      pdf_renderer.py:  470: printSegment: | 
   DEBUG: 2026-04-04 01:02:33,074:      pdf_renderer.py:  470: printSegment: Clustering
   DEBUG: 2026-04-04 01:02:33,075:      pdf_renderer.py:  470: printSegment:  | Group similar data, outliers don
   DEBUG: 2026-04-04 01:02:33,076:      pdf_renderer.py:  470: printSegment: '
   DEBUG: 2026-04-04 01:02:33,076:      pdf_renderer.py:  470: printSegment: t fit any group |
   DEBUG: 2026-04-04 01:02:33,077:      pdf_renderer.py:  470: printSegment:  
   DEBUG: 2026-04-04 01:02:33,078:      pdf_renderer.py:  470: printSegment: | 
   DEBUG: 2026-04-04 01:02:33,079:      pdf_renderer.py:  470: printSegment: Manual
   DEBUG: 2026-04-04 01:02:33,079:      pdf_renderer.py:  470: printSegment: inspection
   DEBUG: 2026-04-04 01:02:33,080:      pdf_renderer.py:  470: printSegment:  | Domain experts review flagged values |
   DEBUG: 2026-04-04 01:02:33,081:      pdf_renderer.py:  470: printSegment: c) Removing Duplicates
   DEBUG: 2026-04-04 01:02:33,083:      pdf_renderer.py:  470: printSegment: df = df.drop_duplicates()                    # Remove exact
   DEBUG: 2026-04-04 01:02:33,083:      pdf_renderer.py:  470: printSegment: duplicates
   DEBUG: 2026-04-04 01:02:33,085:      pdf_renderer.py:  470: printSegment: df = df.drop_duplicates(subset='Email')      # Remove duplicates
   DEBUG: 2026-04-04 01:02:33,086:      pdf_renderer.py:  470: printSegment: based on email
   DEBUG: 2026-04-04 01:02:33,087:      pdf_renderer.py:  470: printSegment: d) Resolving Inconsistencies
   DEBUG: 2026-04-04 01:02:33,088:      pdf_renderer.py:  470: printSegment: l
   DEBUG: 2026-04-04 01:02:33,088:      pdf_renderer.py:  470: printSegment: "
   DEBUG: 2026-04-04 01:02:33,089:      pdf_renderer.py:  470: printSegment: Male
   DEBUG: 2026-04-04 01:02:33,090:      pdf_renderer.py:  470: printSegment: "
   DEBUG: 2026-04-04 01:02:33,091:      pdf_renderer.py:  470: printSegment: , 
   DEBUG: 2026-04-04 01:02:33,092:      pdf_renderer.py:  470: printSegment: "
   DEBUG: 2026-04-04 01:02:33,092:      pdf_renderer.py:  470: printSegment: M
   DEBUG: 2026-04-04 01:02:33,093:      pdf_renderer.py:  470: printSegment: "
   DEBUG: 2026-04-04 01:02:33,094:      pdf_renderer.py:  470: printSegment: , 
   DEBUG: 2026-04-04 01:02:33,094:      pdf_renderer.py:  470: printSegment: "
   DEBUG: 2026-04-04 01:02:33,095:      pdf_renderer.py:  470: printSegment: male
   DEBUG: 2026-04-04 01:02:33,096:      pdf_renderer.py:  470: printSegment: "
   DEBUG: 2026-04-04 01:02:33,097:      pdf_renderer.py:  470: printSegment: , 
   DEBUG: 2026-04-04 01:02:33,097:      pdf_renderer.py:  470: printSegment: "
   DEBUG: 2026-04-04 01:02:33,098:      pdf_renderer.py:  470: printSegment: MALE
   DEBUG: 2026-04-04 01:02:33,099:      pdf_renderer.py:  470: printSegment: "
   DEBUG: 2026-04-04 01:02:33,100:      pdf_renderer.py:  470: printSegment:  → Standardize to 
   DEBUG: 2026-04-04 01:02:33,100:      pdf_renderer.py:  470: printSegment: "
   DEBUG: 2026-04-04 01:02:33,101:      pdf_renderer.py:  470: printSegment: M
   DEBUG: 2026-04-04 01:02:33,102:      pdf_renderer.py:  470: printSegment: "
   DEBUG: 2026-04-04 01:02:33,102:      pdf_renderer.py:  470: printSegment: l
   DEBUG: 2026-04-04 01:02:33,103:      pdf_renderer.py:  470: printSegment: "
   DEBUG: 2026-04-04 01:02:33,104:      pdf_renderer.py:  470: printSegment: NY
   DEBUG: 2026-04-04 01:02:33,105:      pdf_renderer.py:  470: printSegment: "
   DEBUG: 2026-04-04 01:02:33,105:      pdf_renderer.py:  470: printSegment: , 
   DEBUG: 2026-04-04 01:02:33,106:      pdf_renderer.py:  470: printSegment: "
   DEBUG: 2026-04-04 01:02:33,107:      pdf_renderer.py:  470: printSegment: New York
   DEBUG: 2026-04-04 01:02:33,108:      pdf_renderer.py:  470: printSegment: "
   DEBUG: 2026-04-04 01:02:33,108:      pdf_renderer.py:  470: printSegment: , 
   DEBUG: 2026-04-04 01:02:33,109:      pdf_renderer.py:  470: printSegment: "
   DEBUG: 2026-04-04 01:02:33,110:      pdf_renderer.py:  470: printSegment: new york
   DEBUG: 2026-04-04 01:02:33,111:      pdf_renderer.py:  470: printSegment: "
   DEBUG: 2026-04-04 01:02:33,111:      pdf_renderer.py:  470: printSegment:  → Standardize to 
   DEBUG: 2026-04-04 01:02:33,112:      pdf_renderer.py:  470: printSegment: "
   DEBUG: 2026-04-04 01:02:33,113:      pdf_renderer.py:  470: printSegment: New York
   DEBUG: 2026-04-04 01:02:33,114:      pdf_renderer.py:  470: printSegment: "
   DEBUG: 2026-04-04 01:02:33,115:      pdf_renderer.py:  470: printSegment: df['Gender'] = df['Gender'].str.upper().str[0]  # All become M or F
   DEBUG: 2026-04-04 01:02:33,117:      pdf_renderer.py:  470: printSegment: df['City'] = df['City'].str.strip().str.title()  # "  new york " →
   DEBUG: 2026-04-04 01:02:33,118:      pdf_renderer.py:  470: printSegment: "New York"
   DEBUG: 2026-04-04 01:02:33,119:      pdf_renderer.py:  470: printSegment: Step 2: Data Integration
   DEBUG: 2026-04-04 01:02:33,120:      pdf_renderer.py:  470: printSegment: Combining data from 
   DEBUG: 2026-04-04 01:02:33,121:      pdf_renderer.py:  470: printSegment: multiple sources
   DEBUG: 2026-04-04 01:02:33,121:      pdf_renderer.py:  470: printSegment:  into one unified dataset.
   DEBUG: 2026-04-04 01:02:33,122:      pdf_renderer.py:  470: printSegment: l
   DEBUG: 2026-04-04 01:02:33,123:      pdf_renderer.py:  470: printSegment: Challenge: Different schemas, naming conventions, keys.
   DEBUG: 2026-04-04 01:02:33,123:      pdf_renderer.py:  470: printSegment: l
   DEBUG: 2026-04-04 01:02:33,124:      pdf_renderer.py:  470: printSegment: Example: Merge CRM data (Customer
   DEBUG: 2026-04-04 01:02:33,124:      pdf_renderer.py:  470: printSegment: _
   DEBUG: 2026-04-04 01:02:33,125:      pdf_renderer.py:  470: printSegment: ID, Name, Email) with Sales data (Cust
   DEBUG: 2026-04-04 01:02:33,126:      pdf_renderer.py:  470: printSegment: _
   DEBUG: 2026-04-04 01:02:33,126:      pdf_renderer.py:  470: printSegment: ID, Product,
   DEBUG: 2026-04-04 01:02:33,127:      pdf_renderer.py:  470: printSegment: Amount).
   DEBUG: 2026-04-04 01:02:33,127:      pdf_renderer.py:  470: printSegment: l
   DEBUG: 2026-04-04 01:02:33,128:      pdf_renderer.py:  470: printSegment: Requires matching 
   DEBUG: 2026-04-04 01:02:33,128:      pdf_renderer.py:  470: printSegment: Customer_ID
   DEBUG: 2026-04-04 01:02:33,129:      pdf_renderer.py:  470: printSegment:  with 
   DEBUG: 2026-04-04 01:02:33,130:      pdf_renderer.py:  470: printSegment: Cust_ID
   DEBUG: 2026-04-04 01:02:33,130:      pdf_renderer.py:  470: printSegment: .
   DEBUG: 2026-04-04 01:02:33,131:      pdf_renderer.py:  470: printSegment: merged = pd.merge(crm_df, sales_df, left_on='Customer_ID',
   DEBUG: 2026-04-04 01:02:33,132:      pdf_renderer.py:  470: printSegment: right_on='Cust_ID', how='inner')
   DEBUG: 2026-04-04 01:02:33,133:      pdf_renderer.py:  470: printSegment: Step 3: Data Transformation
   DEBUG: 2026-04-04 01:02:33,134:      pdf_renderer.py:  470: printSegment: Converting data into a suitable format for analysis.
   DEBUG: 2026-04-04 01:02:33,135:      pdf_renderer.py:  470: printSegment: a) Normalization (Scaling)
   DEBUG: 2026-04-04 01:02:33,139:      pdf_renderer.py:  470: printSegment: Why needed: If Age is 0-100 and Salary is 0-1000000, salary will dominate in distance calculations. Normalization
   DEBUG: 2026-04-04 01:02:33,139:      pdf_renderer.py:  470: printSegment: brings everything to the same scale.
   DEBUG: 2026-04-04 01:02:33,140:      pdf_renderer.py:  470: printSegment: Min-Max Normalization:
   DEBUG: 2026-04-04 01:02:33,141:      pdf_renderer.py:  470: printSegment:  Scales to 
   DEBUG: 2026-04-04 01:02:33,141:      pdf_renderer.py:  470: printSegment: [
   DEBUG: 2026-04-04 01:02:33,142:      pdf_renderer.py:  470: printSegment: 0, 1
   DEBUG: 2026-04-04 01:02:33,142:      pdf_renderer.py:  470: printSegment: ]
   DEBUG: 2026-04-04 01:02:33,143:      pdf_renderer.py:  470: printSegment: X_normalized = (X − X_min) / (X_max − X_min)
   DEBUG: 2026-04-04 01:02:33,144:      pdf_renderer.py:  470: printSegment: Example: Data={10, 20, 30, 40, 50}, for X=30: (30−10)/(50−10) = 20/40 = 
   DEBUG: 2026-04-04 01:02:33,145:      pdf_renderer.py:  470: printSegment: 0.5
   DEBUG: 2026-04-04 01:02:33,145:      pdf_renderer.py:  470: printSegment: Z-Score Standardization:
   DEBUG: 2026-04-04 01:02:33,146:      pdf_renderer.py:  470: printSegment:  Centers around mean=0, std=1
   DEBUG: 2026-04-04 01:02:33,147:      pdf_renderer.py:  470: printSegment: Z = (X − μ) / σ
   DEBUG: 2026-04-04 01:02:33,148:      pdf_renderer.py:  470: printSegment: Example: μ=30, σ=14.14, for X=45: (45−30)/14.14 = 
   DEBUG: 2026-04-04 01:02:33,148:      pdf_renderer.py:  470: printSegment: 1.06
   DEBUG: 2026-04-04 01:02:33,149:      pdf_renderer.py:  470: printSegment: Robust Scaling:
   DEBUG: 2026-04-04 01:02:33,150:      pdf_renderer.py:  470: printSegment:  Uses median and IQR (outlier-resistant)
   DEBUG: 2026-04-04 01:02:33,151:      pdf_renderer.py:  470: printSegment: X_robust = (X − Median) / IQR
   DEBUG: 2026-04-04 01:02:33,151:      pdf_renderer.py:  470: printSegment: | Method | Best for | Outlier-resistant? |
   DEBUG: 2026-04-04 01:02:33,152:      pdf_renderer.py:  470: printSegment:  
   DEBUG: 2026-04-04 01:02:33,153:      pdf_renderer.py:  470: printSegment: | :--- | :--- | :---: |
   DEBUG: 2026-04-04 01:02:33,153:      pdf_renderer.py:  470: printSegment:  
   DEBUG: 2026-04-04 01:02:33,154:      pdf_renderer.py:  470: printSegment: | 
   DEBUG: 2026-04-04 01:02:33,154:      pdf_renderer.py:  470: printSegment: Min-Max
   DEBUG: 2026-04-04 01:02:33,155:      pdf_renderer.py:  470: printSegment:  | Bounded, clean data | ❌ No |
   DEBUG: 2026-04-04 01:02:33,156:      pdf_renderer.py:  470: printSegment:  
   DEBUG: 2026-04-04 01:02:33,156:      pdf_renderer.py:  470: printSegment: | 
   DEBUG: 2026-04-04 01:02:33,157:      pdf_renderer.py:  470: printSegment: Z-Score
   DEBUG: 2026-04-04 01:02:33,159:      pdf_renderer.py:  470: printSegment:  | Normal
   DEBUG: 2026-04-04 01:02:33,160:      pdf_renderer.py:  470: printSegment: distribution | ❌ Moderate |
   DEBUG: 2026-04-04 01:02:33,160:      pdf_renderer.py:  470: printSegment:  
   DEBUG: 2026-04-04 01:02:33,161:      pdf_renderer.py:  470: printSegment: | 
   DEBUG: 2026-04-04 01:02:33,162:      pdf_renderer.py:  470: printSegment: Robust
   DEBUG: 2026-04-04 01:02:33,162:      pdf_renderer.py:  470: printSegment:  | Data with outliers | ✅ Yes |
   DEBUG: 2026-04-04 01:02:33,163:      pdf_renderer.py:  470: printSegment: b) Encoding Categorical Data
   DEBUG: 2026-04-04 01:02:33,164:      pdf_renderer.py:  470: printSegment: ML models need numbers, not text. We convert categories to numbers.
   DEBUG: 2026-04-04 01:02:33,165:      pdf_renderer.py:  470: printSegment: Label Encoding:
   DEBUG: 2026-04-04 01:02:33,166:      pdf_renderer.py:  470: printSegment:  Assign each category a number.
   DEBUG: 2026-04-04 01:02:33,167:      pdf_renderer.py:  470: printSegment: # Small→0, Medium→1, Large→2
   DEBUG: 2026-04-04 01:02:33,167:      pdf_renderer.py:  470: printSegment: from sklearn.preprocessing import LabelEncoder
   DEBUG: 2026-04-04 01:02:33,168:      pdf_renderer.py:  470: printSegment: le = LabelEncoder()
   DEBUG: 2026-04-04 01:02:33,169:      pdf_renderer.py:  470: printSegment: df['Size_encoded'] = le.fit_transform(df['Size'])
   DEBUG: 2026-04-04 01:02:33,170:      pdf_renderer.py:  470: printSegment: ⚠️ Problem: Model might think Large (2) > Small (0). Use only for ordinal data.
   DEBUG: 2026-04-04 01:02:33,234:      pdf_renderer.py:  470: printSegment: One-Hot Encoding:
   DEBUG: 2026-04-04 01:02:33,235:      pdf_renderer.py:  470: printSegment:  Create binary columns for each category.
   DEBUG: 2026-04-04 01:02:33,236:      pdf_renderer.py:  470: printSegment: df_encoded = pd.get_dummies(df['City'], dtype=int)
   DEBUG: 2026-04-04 01:02:33,237:      pdf_renderer.py:  470: printSegment: # Delhi→[1,0,0], Mumbai→[0,1,0], Pune→[0,0,1]
   DEBUG: 2026-04-04 01:02:33,238:      pdf_renderer.py:  470: printSegment: ✅ No artificial ordering. Use for nominal data.
   DEBUG: 2026-04-04 01:02:33,239:      pdf_renderer.py:  470: printSegment: c) Aggregation:
   DEBUG: 2026-04-04 01:02:33,240:      pdf_renderer.py:  470: printSegment:  Summarize data at a higher level.
   DEBUG: 2026-04-04 01:02:33,240:      pdf_renderer.py:  470: printSegment: l
   DEBUG: 2026-04-04 01:02:33,241:      pdf_renderer.py:  470: printSegment: Daily sales → Monthly totals.
   DEBUG: 2026-04-04 01:02:33,242:      pdf_renderer.py:  470: printSegment: l
   DEBUG: 2026-04-04 01:02:33,242:      pdf_renderer.py:  470: printSegment: Individual student marks → Department averages.
   DEBUG: 2026-04-04 01:02:33,243:      pdf_renderer.py:  470: printSegment: d) Discretization (Binning):
   DEBUG: 2026-04-04 01:02:33,244:      pdf_renderer.py:  470: printSegment:  Convert continuous → categorical.
   DEBUG: 2026-04-04 01:02:33,244:      pdf_renderer.py:  470: printSegment: l
   DEBUG: 2026-04-04 01:02:33,245:      pdf_renderer.py:  470: printSegment: Age: 0-18→Child, 19-60→Adult, 60+→Senior.
   DEBUG: 2026-04-04 01:02:33,245:      pdf_renderer.py:  470: printSegment: l
   DEBUG: 2026-04-04 01:02:33,246:      pdf_renderer.py:  470: printSegment: Equal-Width:
   DEBUG: 2026-04-04 01:02:33,247:      pdf_renderer.py:  470: printSegment:  Each bin covers same range. Width = (max−min)/num
   DEBUG: 2026-04-04 01:02:33,247:      pdf_renderer.py:  470: printSegment: _
   DEBUG: 2026-04-04 01:02:33,248:      pdf_renderer.py:  470: printSegment: bins.
   DEBUG: 2026-04-04 01:02:33,248:      pdf_renderer.py:  470: printSegment: l
   DEBUG: 2026-04-04 01:02:33,249:      pdf_renderer.py:  470: printSegment: Equal-Frequency (Depth):
   DEBUG: 2026-04-04 01:02:33,250:      pdf_renderer.py:  470: printSegment:  Each bin has same number of values.
   DEBUG: 2026-04-04 01:02:33,251:      pdf_renderer.py:  470: printSegment: Step 4: Data Reduction
   DEBUG: 2026-04-04 01:02:33,252:      pdf_renderer.py:  470: printSegment: Making the dataset smaller while preserving important information.
   DEBUG: 2026-04-04 01:02:33,253:      pdf_renderer.py:  470: printSegment: a) Dimensionality Reduction
   DEBUG: 2026-04-04 01:02:33,253:      pdf_renderer.py:  470: printSegment:  — Reduce the number of features.
   DEBUG: 2026-04-04 01:02:33,254:      pdf_renderer.py:  470: printSegment: l
   DEBUG: 2026-04-04 01:02:33,255:      pdf_renderer.py:  470: printSegment: PCA (Principal Component Analysis):
   DEBUG: 2026-04-04 01:02:33,260:      pdf_renderer.py:  470: printSegment:  Mathematically creates new features (principal
   DEBUG: 2026-04-04 01:02:33,262:      pdf_renderer.py:  470: printSegment: components) that capture maximum variance.  100 features → 10 components retaining 95%
   DEBUG: 2026-04-04 01:02:33,263:      pdf_renderer.py:  470: printSegment: information.
   DEBUG: 2026-04-04 01:02:33,264:      pdf_renderer.py:  470: printSegment: l
   DEBUG: 2026-04-04 01:02:33,265:      pdf_renderer.py:  470: printSegment: Feature Selection:
   DEBUG: 2026-04-04 01:02:33,267:      pdf_renderer.py:  470: printSegment:  Pick only the most relevant features using correlation analysis, chi-square test,
   DEBUG: 2026-04-04 01:02:33,268:      pdf_renderer.py:  470: printSegment: or domain knowledge.
   DEBUG: 2026-04-04 01:02:33,269:      pdf_renderer.py:  470: printSegment: b) Numerosity Reduction
   DEBUG: 2026-04-04 01:02:33,270:      pdf_renderer.py:  470: printSegment:  — Reduce the number of data points.
   DEBUG: 2026-04-04 01:02:33,272:      pdf_renderer.py:  470: printSegment: l
   DEBUG: 2026-04-04 01:02:33,273:      pdf_renderer.py:  470: printSegment: Sampling:
   DEBUG: 2026-04-04 01:02:33,274:      pdf_renderer.py:  470: printSegment:  Take a representative subset (random, stratified, systematic).
   DEBUG: 2026-04-04 01:02:33,274:      pdf_renderer.py:  470: printSegment: l
   DEBUG: 2026-04-04 01:02:33,275:      pdf_renderer.py:  470: printSegment: Parametric Models:
   DEBUG: 2026-04-04 01:02:33,276:      pdf_renderer.py:  470: printSegment:  Store only model parameters instead of raw data.
   DEBUG: 2026-04-04 01:02:33,277:      pdf_renderer.py:  470: printSegment: c) Data Compression
   DEBUG: 2026-04-04 01:02:33,277:      pdf_renderer.py:  470: printSegment: l
   DEBUG: 2026-04-04 01:02:33,278:      pdf_renderer.py:  470: printSegment: Lossless:
   DEBUG: 2026-04-04 01:02:33,279:      pdf_renderer.py:  470: printSegment:  No information lost (ZIP, gzip). Can perfectly reconstruct original.
   DEBUG: 2026-04-04 01:02:33,280:      pdf_renderer.py:  470: printSegment: l
   DEBUG: 2026-04-04 01:02:33,281:      pdf_renderer.py:  470: printSegment: Lossy:
   DEBUG: 2026-04-04 01:02:33,282:      pdf_renderer.py:  470: printSegment:  Some information lost (JPEG, MP3). Approximate reconstruction.
   DEBUG: 2026-04-04 01:02:33,285:      pdf_renderer.py:  470: printSegment: 2.4 Ethical Considerations in Data Science
   DEBUG: 2026-04-04 01:02:33,286:      pdf_renderer.py:  470: printSegment: 1. Data Privacy
   DEBUG: 2026-04-04 01:02:33,287:      pdf_renderer.py:  470: printSegment: l
   DEBUG: 2026-04-04 01:02:33,289:      pdf_renderer.py:  470: printSegment: People have the right to know what data is collected about them.
   DEBUG: 2026-04-04 01:02:33,290:      pdf_renderer.py:  470: printSegment: l
   DEBUG: 2026-04-04 01:02:33,291:      pdf_renderer.py:  470: printSegment: GDPR
   DEBUG: 2026-04-04 01:02:33,292:      pdf_renderer.py:  470: printSegment:  (Europe): Requires explicit consent, right to be forgotten.
   DEBUG: 2026-04-04 01:02:33,293:      pdf_renderer.py:  470: printSegment: l
   DEBUG: 2026-04-04 01:02:33,295:      pdf_renderer.py:  470: printSegment: DPDP Act
   DEBUG: 2026-04-04 01:02:33,296:      pdf_renderer.py:  470: printSegment:  (India, 2023): India
   DEBUG: 2026-04-04 01:02:33,297:      pdf_renderer.py:  470: printSegment: '
   DEBUG: 2026-04-04 01:02:33,298:      pdf_renderer.py:  470: printSegment: s data protection law.
   DEBUG: 2026-04-04 01:02:33,299:      pdf_renderer.py:  470: printSegment: l
   DEBUG: 2026-04-04 01:02:33,301:      pdf_renderer.py:  470: printSegment: Example: Fitness apps collecting location data without telling users.
   DEBUG: 2026-04-04 01:02:33,302:      pdf_renderer.py:  470: printSegment: 2. Algorithmic Bias
   DEBUG: 2026-04-04 01:02:33,303:      pdf_renderer.py:  470: printSegment: l
   DEBUG: 2026-04-04 01:02:33,305:      pdf_renderer.py:  470: printSegment: Models can discriminate based on race, gender, or socioeconomic status.
   DEBUG: 2026-04-04 01:02:33,306:      pdf_renderer.py:  470: printSegment: l
   DEBUG: 2026-04-04 01:02:33,307:      pdf_renderer.py:  470: printSegment: Example:
   DEBUG: 2026-04-04 01:02:33,308:      pdf_renderer.py:  470: printSegment:  Amazon
   DEBUG: 2026-04-04 01:02:33,309:      pdf_renderer.py:  470: printSegment: '
   DEBUG: 2026-04-04 01:02:33,313:      pdf_renderer.py:  470: printSegment: s AI hiring tool (2018) — biased against women because it was trained on 10 years
   DEBUG: 2026-04-04 01:02:33,314:      pdf_renderer.py:  470: printSegment: of male-dominated resumes.
   DEBUG: 2026-04-04 01:02:33,315:      pdf_renderer.py:  470: printSegment: l
   DEBUG: 2026-04-04 01:02:33,316:      pdf_renderer.py:  470: printSegment: Fix: Balanced training data, fairness audits, diverse teams.
   DEBUG: 2026-04-04 01:02:33,317:      pdf_renderer.py:  470: printSegment: 3. Informed Consent
   DEBUG: 2026-04-04 01:02:33,317:      pdf_renderer.py:  470: printSegment: l
   DEBUG: 2026-04-04 01:02:33,318:      pdf_renderer.py:  470: printSegment: Users must clearly understand and agree to data collection.
   DEBUG: 2026-04-04 01:02:33,319:      pdf_renderer.py:  470: printSegment: l
   DEBUG: 2026-04-04 01:02:33,320:      pdf_renderer.py:  470: printSegment: Example:
   DEBUG: 2026-04-04 01:02:33,322:      pdf_renderer.py:  470: printSegment:  Cambridge Analytica (2018) — harvested 87M Facebook profiles without proper consent for
   DEBUG: 2026-04-04 01:02:33,322:      pdf_renderer.py:  470: printSegment: political profiling.
   DEBUG: 2026-04-04 01:02:33,323:      pdf_renderer.py:  470: printSegment: 4. Transparency
   DEBUG: 2026-04-04 01:02:33,323:      pdf_renderer.py:  470: printSegment: l
   DEBUG: 2026-04-04 01:02:33,324:      pdf_renderer.py:  470: printSegment: AI decisions should be explainable, not 
   DEBUG: 2026-04-04 01:02:33,325:      pdf_renderer.py:  470: printSegment: "
   DEBUG: 2026-04-04 01:02:33,325:      pdf_renderer.py:  470: printSegment: black boxes.
   DEBUG: 2026-04-04 01:02:33,326:      pdf_renderer.py:  470: printSegment: "
   DEBUG: 2026-04-04 01:02:33,326:      pdf_renderer.py:  470: printSegment: l
   DEBUG: 2026-04-04 01:02:33,327:      pdf_renderer.py:  470: printSegment: Tools: LIME, SHAP for explaining model predictions.
   DEBUG: 2026-04-04 01:02:33,327:      pdf_renderer.py:  470: printSegment: 5. Data Security
   DEBUG: 2026-04-04 01:02:33,328:      pdf_renderer.py:  470: printSegment: l
   DEBUG: 2026-04-04 01:02:33,329:      pdf_renderer.py:  470: printSegment: Encrypt data, control access, regular security audits.
   DEBUG: 2026-04-04 01:02:33,329:      pdf_renderer.py:  470: printSegment: l
   DEBUG: 2026-04-04 01:02:33,330:      pdf_renderer.py:  470: printSegment: Example:
   DEBUG: 2026-04-04 01:02:33,331:      pdf_renderer.py:  470: printSegment:  Equifax breach (2017) — 147 million people
   DEBUG: 2026-04-04 01:02:33,331:      pdf_renderer.py:  470: printSegment: '
   DEBUG: 2026-04-04 01:02:33,332:      pdf_renderer.py:  470: printSegment: s personal data exposed.
   DEBUG: 2026-04-04 01:02:33,333:      pdf_renderer.py:  470: printSegment: 2.5 Machine Learning for Data Science
   DEBUG: 2026-04-04 01:02:33,334:      pdf_renderer.py:  470: printSegment: What is Machine Learning?
   DEBUG: 2026-04-04 01:02:33,334:      pdf_renderer.py:  470: printSegment: ML is a subset of AI where computers 
   DEBUG: 2026-04-04 01:02:33,335:      pdf_renderer.py:  470: printSegment: learn from data
   DEBUG: 2026-04-04 01:02:33,339:      pdf_renderer.py:  470: printSegment:  without being explicitly programmed. Instead of writing
   DEBUG: 2026-04-04 01:02:33,340:      pdf_renderer.py:  470: printSegment: rules, you give the machine data and it discovers the rules.
   DEBUG: 2026-04-04 01:02:33,340:      pdf_renderer.py:  470: printSegment: Types of Machine Learning:
   DEBUG: 2026-04-04 01:02:33,341:      pdf_renderer.py:  470: printSegment: 1. Supervised Learning
   DEBUG: 2026-04-04 01:02:33,342:      pdf_renderer.py:  470: printSegment: l
   DEBUG: 2026-04-04 01:02:33,342:      pdf_renderer.py:  470: printSegment: Data:
   DEBUG: 2026-04-04 01:02:33,343:      pdf_renderer.py:  470: printSegment:  Labelled (input + correct output provided).
   DEBUG: 2026-04-04 01:02:33,343:      pdf_renderer.py:  470: printSegment: l
   DEBUG: 2026-04-04 01:02:33,344:      pdf_renderer.py:  470: printSegment: Goal:
   DEBUG: 2026-04-04 01:02:33,345:      pdf_renderer.py:  470: printSegment:  Learn the mapping from input → output so you can predict output for new inputs.
   DEBUG: 2026-04-04 01:02:33,346:      pdf_renderer.py:  470: printSegment: l
   DEBUG: 2026-04-04 01:02:33,346:      pdf_renderer.py:  470: printSegment: Types:
   DEBUG: 2026-04-04 01:02:33,347:      pdf_renderer.py:  470: printSegment: l
   DEBUG: 2026-04-04 01:02:33,347:      pdf_renderer.py:  470: printSegment: Classification
   DEBUG: 2026-04-04 01:02:33,348:      pdf_renderer.py:  470: printSegment:  — Output is a category. (Spam/Not Spam, Cat/Dog)
   DEBUG: 2026-04-04 01:02:33,349:      pdf_renderer.py:  470: printSegment: l
   DEBUG: 2026-04-04 01:02:33,350:      pdf_renderer.py:  470: printSegment: Regression
   DEBUG: 2026-04-04 01:02:33,351:      pdf_renderer.py:  470: printSegment:  — Output is a number. (House price = ₹45L, Temperature = 32°C)
   DEBUG: 2026-04-04 01:02:33,351:      pdf_renderer.py:  470: printSegment: l
   DEBUG: 2026-04-04 01:02:33,352:      pdf_renderer.py:  470: printSegment: Algorithms:
   DEBUG: 2026-04-04 01:02:33,353:      pdf_renderer.py:  470: printSegment:  k-NN, Decision Tree, Linear Regression, SVM, Naive Bayes.
   DEBUG: 2026-04-04 01:02:33,354:      pdf_renderer.py:  470: printSegment: l
   DEBUG: 2026-04-04 01:02:33,354:      pdf_renderer.py:  470: printSegment: Example:
   DEBUG: 2026-04-04 01:02:33,356:      pdf_renderer.py:  470: printSegment:  Training a model on 10,000 emails labelled as spam/not spam → model predicts spam for
   DEBUG: 2026-04-04 01:02:33,357:      pdf_renderer.py:  470: printSegment: new emails.
   DEBUG: 2026-04-04 01:02:33,357:      pdf_renderer.py:  470: printSegment: 2. Unsupervised Learning
   DEBUG: 2026-04-04 01:02:33,358:      pdf_renderer.py:  470: printSegment: l
   DEBUG: 2026-04-04 01:02:33,359:      pdf_renderer.py:  470: printSegment: Data:
   DEBUG: 2026-04-04 01:02:33,359:      pdf_renderer.py:  470: printSegment:  Unlabelled (only inputs, no correct answers).
   DEBUG: 2026-04-04 01:02:33,360:      pdf_renderer.py:  470: printSegment: l
   DEBUG: 2026-04-04 01:02:33,361:      pdf_renderer.py:  470: printSegment: Goal:
   DEBUG: 2026-04-04 01:02:33,362:      pdf_renderer.py:  470: printSegment:  Discover hidden patterns, groupings, or structure in data.
   DEBUG: 2026-04-04 01:02:33,362:      pdf_renderer.py:  470: printSegment: l
   DEBUG: 2026-04-04 01:02:33,363:      pdf_renderer.py:  470: printSegment: Types:
   DEBUG: 2026-04-04 01:02:33,364:      pdf_renderer.py:  470: printSegment: l
   DEBUG: 2026-04-04 01:02:33,364:      pdf_renderer.py:  470: printSegment: Clustering
   DEBUG: 2026-04-04 01:02:33,365:      pdf_renderer.py:  470: printSegment:  — Group similar items. (Customer segments)
   DEBUG: 2026-04-04 01:02:33,366:      pdf_renderer.py:  470: printSegment: l
   DEBUG: 2026-04-04 01:02:33,366:      pdf_renderer.py:  470: printSegment: Association
   DEBUG: 2026-04-04 01:02:33,367:      pdf_renderer.py:  470: printSegment:  — Find rules. (
   DEBUG: 2026-04-04 01:02:33,368:      pdf_renderer.py:  470: printSegment: "
   DEBUG: 2026-04-04 01:02:33,368:      pdf_renderer.py:  470: printSegment: Buy bread → buy butter
   DEBUG: 2026-04-04 01:02:33,369:      pdf_renderer.py:  470: printSegment: "
   DEBUG: 2026-04-04 01:02:33,370:      pdf_renderer.py:  470: printSegment: )
   DEBUG: 2026-04-04 01:02:33,370:      pdf_renderer.py:  470: printSegment: l
   DEBUG: 2026-04-04 01:02:33,371:      pdf_renderer.py:  470: printSegment: Dimensionality Reduction
   DEBUG: 2026-04-04 01:02:33,372:      pdf_renderer.py:  470: printSegment:  — PCA
   DEBUG: 2026-04-04 01:02:33,372:      pdf_renderer.py:  470: printSegment: l
   DEBUG: 2026-04-04 01:02:33,373:      pdf_renderer.py:  470: printSegment: Algorithms:
   DEBUG: 2026-04-04 01:02:33,374:      pdf_renderer.py:  470: printSegment:  K-Means, DBSCAN, Apriori, PCA.
   DEBUG: 2026-04-04 01:02:33,374:      pdf_renderer.py:  470: printSegment: l
   DEBUG: 2026-04-04 01:02:33,375:      pdf_renderer.py:  470: printSegment: Example:
   DEBUG: 2026-04-04 01:02:33,376:      pdf_renderer.py:  470: printSegment:  Grouping customers into segments (budget, premium, luxury) without predefined labels.
   DEBUG: 2026-04-04 01:02:33,377:      pdf_renderer.py:  470: printSegment: 3. Semi-Supervised Learning
   DEBUG: 2026-04-04 01:02:33,378:      pdf_renderer.py:  470: printSegment: l
   DEBUG: 2026-04-04 01:02:33,378:      pdf_renderer.py:  470: printSegment: Data:
   DEBUG: 2026-04-04 01:02:33,379:      pdf_renderer.py:  470: printSegment:  Small amount of labelled + large amount of unlabelled.
   DEBUG: 2026-04-04 01:02:33,380:      pdf_renderer.py:  470: printSegment: l
   DEBUG: 2026-04-04 01:02:33,381:      pdf_renderer.py:  470: printSegment: Why needed:
   DEBUG: 2026-04-04 01:02:33,382:      pdf_renderer.py:  470: printSegment:  Labelling is expensive (requires human experts, like doctors labelling X-rays).
   DEBUG: 2026-04-04 01:02:33,382:      pdf_renderer.py:  470: printSegment: l
   DEBUG: 2026-04-04 01:02:33,383:      pdf_renderer.py:  470: printSegment: How it works:
   DEBUG: 2026-04-04 01:02:33,384:      pdf_renderer.py:  470: printSegment:  Learn from the few labelled examples, then use that knowledge to classify
   DEBUG: 2026-04-04 01:02:33,385:      pdf_renderer.py:  470: printSegment: unlabelled data.
   DEBUG: 2026-04-04 01:02:33,385:      pdf_renderer.py:  470: printSegment: l
   DEBUG: 2026-04-04 01:02:33,386:      pdf_renderer.py:  470: printSegment: Example:
   DEBUG: 2026-04-04 01:02:33,388:      pdf_renderer.py:  470: printSegment:  Google Photos — you label a few faces, and the system automatically identifies those people
   DEBUG: 2026-04-04 01:02:33,389:      pdf_renderer.py:  470: printSegment: across thousands of photos.
   DEBUG: 2026-04-04 01:02:33,390:      pdf_renderer.py:  470: printSegment: 4. Reinforcement Learning
   DEBUG: 2026-04-04 01:02:33,390:      pdf_renderer.py:  470: printSegment: l
   DEBUG: 2026-04-04 01:02:33,391:      pdf_renderer.py:  470: printSegment: Data:
   DEBUG: 2026-04-04 01:02:33,391:      pdf_renderer.py:  470: printSegment:  No dataset
   DEBUG: 2026-04-04 01:02:33,392:      pdf_renderer.py:  470: printSegment: !
   DEBUG: 2026-04-04 01:02:33,392:      pdf_renderer.py:  470: printSegment:  Agent interacts with an environment.
   DEBUG: 2026-04-04 01:02:33,393:      pdf_renderer.py:  470: printSegment: l
   DEBUG: 2026-04-04 01:02:33,394:      pdf_renderer.py:  470: printSegment: How it works:
   DEBUG: 2026-04-04 01:02:33,396:      pdf_renderer.py:  470: printSegment:  Agent takes actions → receives rewards (good action) or penalties (bad action) → learns to
   DEBUG: 2026-04-04 01:02:33,396:      pdf_renderer.py:  470: printSegment: maximize total reward.
   DEBUG: 2026-04-04 01:02:33,397:      pdf_renderer.py:  470: printSegment: l
   DEBUG: 2026-04-04 01:02:33,397:      pdf_renderer.py:  470: printSegment: Key Concepts:
   DEBUG: 2026-04-04 01:02:33,398:      pdf_renderer.py:  470: printSegment:  Agent, State, Action, Reward, Policy.
   DEBUG: 2026-04-04 01:02:33,399:      pdf_renderer.py:  470: printSegment: l
   DEBUG: 2026-04-04 01:02:33,399:      pdf_renderer.py:  470: printSegment: Example:
   DEBUG: 2026-04-04 01:02:33,400:      pdf_renderer.py:  470: printSegment:  AlphaGo (DeepMind) — learned to play Go by playing millions of games against itself.
   DEBUG: 2026-04-04 01:02:33,401:      pdf_renderer.py:  470: printSegment: Comparison Table:
   DEBUG: 2026-04-04 01:02:33,402:      pdf_renderer.py:  470: printSegment: | Aspect | Supervised | Unsupervised | Semi-supervised | Reinforcement |
   DEBUG: 2026-04-04 01:02:33,402:      pdf_renderer.py:  470: printSegment:  
   DEBUG: 2026-04-04 01:02:33,403:      pdf_renderer.py:  470: printSegment: | :--- | :--- | :--- | :--- | :--- |
   DEBUG: 2026-04-04 01:02:33,404:      pdf_renderer.py:  470: printSegment:  
   DEBUG: 2026-04-04 01:02:33,404:      pdf_renderer.py:  470: printSegment: | 
   DEBUG: 2026-04-04 01:02:33,405:      pdf_renderer.py:  470: printSegment: Data
   DEBUG: 2026-04-04 01:02:33,407:      pdf_renderer.py:  470: printSegment:  | Labelled |
   DEBUG: 2026-04-04 01:02:33,408:      pdf_renderer.py:  470: printSegment: Unlabelled | Few labelled + many unlabelled | No data (environment) |
   DEBUG: 2026-04-04 01:02:33,409:      pdf_renderer.py:  470: printSegment:  
   DEBUG: 2026-04-04 01:02:33,409:      pdf_renderer.py:  470: printSegment: | 
   DEBUG: 2026-04-04 01:02:33,410:      pdf_renderer.py:  470: printSegment: Feedback
   DEBUG: 2026-04-04 01:02:33,411:      pdf_renderer.py:  470: printSegment:  | Direct (correct answer) | None |
   DEBUG: 2026-04-04 01:02:33,412:      pdf_renderer.py:  470: printSegment: Partial | Reward/penalty |
   DEBUG: 2026-04-04 01:02:33,412:      pdf_renderer.py:  470: printSegment:  
   DEBUG: 2026-04-04 01:02:33,413:      pdf_renderer.py:  470: printSegment: | 
   DEBUG: 2026-04-04 01:02:33,414:      pdf_renderer.py:  470: printSegment: Goal
   DEBUG: 2026-04-04 01:02:33,415:      pdf_renderer.py:  470: printSegment:  | Predict output | Find patterns | Predict with few labels | Maximize reward |
   DEBUG: 2026-04-04 01:02:33,415:      pdf_renderer.py:  470: printSegment:  
   DEBUG: 2026-04-04 01:02:33,416:      pdf_renderer.py:  470: printSegment: | 
   DEBUG: 2026-04-04 01:02:33,416:      pdf_renderer.py:  470: printSegment: Example
   DEBUG: 2026-04-04 01:02:33,417:      pdf_renderer.py:  470: printSegment:  | Spam detection | Customer segmentation | Medical imaging | Game AI |
   DEBUG: 2026-04-04 01:02:33,419:      pdf_renderer.py:  470: printSegment: 2.6 k-Nearest Neighbours (k-NN)
   DEBUG: 2026-04-04 01:02:33,419:      pdf_renderer.py:  470: printSegment: What is k-NN?
   DEBUG: 2026-04-04 01:02:33,420:      pdf_renderer.py:  470: printSegment: k-NN is a 
   DEBUG: 2026-04-04 01:02:33,421:      pdf_renderer.py:  470: printSegment: supervised, lazy, instance-based
   DEBUG: 2026-04-04 01:02:33,422:      pdf_renderer.py:  470: printSegment:  algorithm used for classification and regression.
   DEBUG: 2026-04-04 01:02:33,422:      pdf_renderer.py:  470: printSegment: l
   DEBUG: 2026-04-04 01:02:33,423:      pdf_renderer.py:  470: printSegment: Lazy
   DEBUG: 2026-04-04 01:02:33,424:      pdf_renderer.py:  470: printSegment:  = It does NOT learn during training. It stores all data and computes at prediction time.
   DEBUG: 2026-04-04 01:02:33,425:      pdf_renderer.py:  470: printSegment: l
   DEBUG: 2026-04-04 01:02:33,425:      pdf_renderer.py:  470: printSegment: Instance-based
   DEBUG: 2026-04-04 01:02:33,426:      pdf_renderer.py:  470: printSegment:  = It compares new data points to existing instances.
   DEBUG: 2026-04-04 01:02:33,427:      pdf_renderer.py:  470: printSegment: How it Works:
   DEBUG: 2026-04-04 01:02:33,428:      pdf_renderer.py:  470: printSegment:  1 
   DEBUG: 2026-04-04 01:02:33,428:      pdf_renderer.py:  470: printSegment: Choose k
   DEBUG: 2026-04-04 01:02:33,429:      pdf_renderer.py:  470: printSegment:  (number of neighbours to consider).
   DEBUG: 2026-04-04 01:02:33,430:      pdf_renderer.py:  470: printSegment:  2 
   DEBUG: 2026-04-04 01:02:33,431:      pdf_renderer.py:  470: printSegment: Calculate distance
   DEBUG: 2026-04-04 01:02:33,431:      pdf_renderer.py:  470: printSegment:  from the new point to ALL training points.
   DEBUG: 2026-04-04 01:02:33,432:      pdf_renderer.py:  470: printSegment:  3 
   DEBUG: 2026-04-04 01:02:33,433:      pdf_renderer.py:  470: printSegment: Select the k nearest
   DEBUG: 2026-04-04 01:02:33,434:      pdf_renderer.py:  470: printSegment:  points (with smallest distances).
   DEBUG: 2026-04-04 01:02:33,434:      pdf_renderer.py:  470: printSegment:  4 
   DEBUG: 2026-04-04 01:02:33,435:      pdf_renderer.py:  470: printSegment: Classification:
   DEBUG: 2026-04-04 01:02:33,436:      pdf_renderer.py:  470: printSegment:  Majority vote among k neighbours.
   DEBUG: 2026-04-04 01:02:33,437:      pdf_renderer.py:  470: printSegment:  5 
   DEBUG: 2026-04-04 01:02:33,437:      pdf_renderer.py:  470: printSegment: Regression:
   DEBUG: 2026-04-04 01:02:33,438:      pdf_renderer.py:  470: printSegment:  Average value of k neighbours.
   DEBUG: 2026-04-04 01:02:33,439:      pdf_renderer.py:  470: printSegment: Distance Metrics:
   DEBUG: 2026-04-04 01:02:33,440:      pdf_renderer.py:  470: printSegment: Euclidean Distance
   DEBUG: 2026-04-04 01:02:33,440:      pdf_renderer.py:  470: printSegment:  (most common):
   DEBUG: 2026-04-04 01:02:33,441:      pdf_renderer.py:  470: printSegment: d = √[(x₁−y₁)² + (x₂−y₂)² + ... + (xₙ−yₙ)²]
   DEBUG: 2026-04-04 01:02:33,442:      pdf_renderer.py:  470: printSegment: Manhattan Distance
   DEBUG: 2026-04-04 01:02:33,443:      pdf_renderer.py:  470: printSegment:  (sum of absolute differences):
   DEBUG: 2026-04-04 01:02:33,444:      pdf_renderer.py:  470: printSegment: d = |x₁−y₁| + |x₂−y₂| + ... + |xₙ−yₙ|
   DEBUG: 2026-04-04 01:02:33,445:      pdf_renderer.py:  470: printSegment: Minkowski Distance
   DEBUG: 2026-04-04 01:02:33,446:      pdf_renderer.py:  470: printSegment:  (generalized):
   DEBUG: 2026-04-04 01:02:33,447:      pdf_renderer.py:  470: printSegment: d = (Σ|xᵢ−yᵢ|^p)^(1/p)
   DEBUG: 2026-04-04 01:02:33,447:      pdf_renderer.py:  470: printSegment: l
   DEBUG: 2026-04-04 01:02:33,448:      pdf_renderer.py:  470: printSegment: p=1 → Manhattan, p=2 → Euclidean.
   DEBUG: 2026-04-04 01:02:33,449:      pdf_renderer.py:  470: printSegment: Effect of k:
   DEBUG: 2026-04-04 01:02:33,449:      pdf_renderer.py:  470: printSegment: l
   DEBUG: 2026-04-04 01:02:33,450:      pdf_renderer.py:  470: printSegment: k too small (e.g., k=1):
   DEBUG: 2026-04-04 01:02:33,451:      pdf_renderer.py:  470: printSegment:  Overfitting. Sensitive to noise. One noisy point can change the prediction.
   DEBUG: 2026-04-04 01:02:33,452:      pdf_renderer.py:  470: printSegment: l
   DEBUG: 2026-04-04 01:02:33,452:      pdf_renderer.py:  470: printSegment: k too big (e.g., k=100):
   DEBUG: 2026-04-04 01:02:33,454:      pdf_renderer.py:  470: printSegment:  Underfitting. Ignores local patterns. Everything gets classified as the
   DEBUG: 2026-04-04 01:02:33,454:      pdf_renderer.py:  470: printSegment: majority class.
   DEBUG: 2026-04-04 01:02:33,455:      pdf_renderer.py:  470: printSegment: l
   DEBUG: 2026-04-04 01:02:33,455:      pdf_renderer.py:  470: printSegment: Best practice:
   DEBUG: 2026-04-04 01:02:33,456:      pdf_renderer.py:  470: printSegment:  Use odd k (to avoid ties). Find optimal k using cross-validation.
   DEBUG: 2026-04-04 01:02:33,457:      pdf_renderer.py:  470: printSegment: Worked Example:
   DEBUG: 2026-04-04 01:02:33,457:      pdf_renderer.py:  470: printSegment: Training data:
   DEBUG: 2026-04-04 01:02:33,458:      pdf_renderer.py:  470: printSegment: | Point | X | Y | Class |
   DEBUG: 2026-04-04 01:02:33,459:      pdf_renderer.py:  470: printSegment:  
   DEBUG: 2026-04-04 01:02:33,459:      pdf_renderer.py:  470: printSegment: |:---:|:---:|:---:|:---|
   DEBUG: 2026-04-04 01:02:33,460:      pdf_renderer.py:  470: printSegment:  
   DEBUG: 2026-04-04 01:02:33,460:      pdf_renderer.py:  470: printSegment: | A | 1 | 2 | Cat |
   DEBUG: 2026-04-04 01:02:33,461:      pdf_renderer.py:  470: printSegment:  
   DEBUG: 2026-04-04 01:02:33,461:      pdf_renderer.py:  470: printSegment: | B | 2 | 3 | Cat |
   DEBUG: 2026-04-04 01:02:33,462:      pdf_renderer.py:  470: printSegment:  
   DEBUG: 2026-04-04 01:02:33,462:      pdf_renderer.py:  470: printSegment: | C | 6 | 7 | Dog |
   DEBUG: 2026-04-04 01:02:33,463:      pdf_renderer.py:  470: printSegment:  
   DEBUG: 2026-04-04 01:02:33,464:      pdf_renderer.py:  470: printSegment: | D | 7 | 8 | Dog |
   DEBUG: 2026-04-04 01:02:33,464:      pdf_renderer.py:  470: printSegment:  
   DEBUG: 2026-04-04 01:02:33,465:      pdf_renderer.py:  470: printSegment: | E | 3 | 3 |
   DEBUG: 2026-04-04 01:02:33,465:      pdf_renderer.py:  470: printSegment: Cat |
   DEBUG: 2026-04-04 01:02:33,466:      pdf_renderer.py:  470: printSegment: New point P = (4, 5), k = 3.
   DEBUG: 2026-04-04 01:02:33,467:      pdf_renderer.py:  470: printSegment: Distances:
   DEBUG: 2026-04-04 01:02:33,467:      pdf_renderer.py:  470: printSegment: l
   DEBUG: 2026-04-04 01:02:33,468:      pdf_renderer.py:  470: printSegment: d(P,A) = √((4−1)²+(5−2)²) = √(9+9) = √18 = 
   DEBUG: 2026-04-04 01:02:33,468:      pdf_renderer.py:  470: printSegment: 4.24
   DEBUG: 2026-04-04 01:02:33,469:      pdf_renderer.py:  470: printSegment: l
   DEBUG: 2026-04-04 01:02:33,470:      pdf_renderer.py:  470: printSegment: d(P,B) = √((4−2)²+(5−3)²) = √(4+4) = √8 = 
   DEBUG: 2026-04-04 01:02:33,470:      pdf_renderer.py:  470: printSegment: 2.83
   DEBUG: 2026-04-04 01:02:33,471:      pdf_renderer.py:  470: printSegment: l
   DEBUG: 2026-04-04 01:02:33,471:      pdf_renderer.py:  470: printSegment: d(P,C) = √((4−6)²+(5−7)²) = √(4+4) = √8 = 
   DEBUG: 2026-04-04 01:02:33,472:      pdf_renderer.py:  470: printSegment: 2.83
   DEBUG: 2026-04-04 01:02:33,473:      pdf_renderer.py:  470: printSegment: l
   DEBUG: 2026-04-04 01:02:33,473:      pdf_renderer.py:  470: printSegment: d(P,D) = √((4−7)²+(5−8)²) = √(9+9) = √18 = 
   DEBUG: 2026-04-04 01:02:33,474:      pdf_renderer.py:  470: printSegment: 4.24
   DEBUG: 2026-04-04 01:02:33,474:      pdf_renderer.py:  470: printSegment: l
   DEBUG: 2026-04-04 01:02:33,475:      pdf_renderer.py:  470: printSegment: d(P,E) = √((4−3)²+(5−3)²) = √(1+4) = √5 = 
   DEBUG: 2026-04-04 01:02:33,476:      pdf_renderer.py:  470: printSegment: 2.24
   DEBUG: 2026-04-04 01:02:33,477:      pdf_renderer.py:  470: printSegment: 3 nearest: E (Cat, 2.24), B (Cat, 2.83), C (Dog, 2.83)
   DEBUG: 2026-04-04 01:02:33,477:      pdf_renderer.py:  470: printSegment:  
   DEBUG: 2026-04-04 01:02:33,478:      pdf_renderer.py:  470: printSegment: Majority: 2 Cat, 1 Dog → 
   DEBUG: 2026-04-04 01:02:33,479:      pdf_renderer.py:  470: printSegment: Predicted: Cat
   DEBUG: 2026-04-04 01:02:33,479:      pdf_renderer.py:  470: printSegment:  ✅
   DEBUG: 2026-04-04 01:02:33,480:      pdf_renderer.py:  470: printSegment: 2.7 K-Means Clustering
   DEBUG: 2026-04-04 01:02:33,481:      pdf_renderer.py:  470: printSegment: What is K-Means?
   DEBUG: 2026-04-04 01:02:33,482:      pdf_renderer.py:  470: printSegment: K-Means is an 
   DEBUG: 2026-04-04 01:02:33,482:      pdf_renderer.py:  470: printSegment: unsupervised
   DEBUG: 2026-04-04 01:02:33,483:      pdf_renderer.py:  470: printSegment:  algorithm that partitions data into 
   DEBUG: 2026-04-04 01:02:33,484:      pdf_renderer.py:  470: printSegment: K groups (clusters)
   DEBUG: 2026-04-04 01:02:33,486:      pdf_renderer.py:  470: printSegment:  where each point belongs to the
   DEBUG: 2026-04-04 01:02:33,486:      pdf_renderer.py:  470: printSegment: cluster with the nearest centroid (center).
   DEBUG: 2026-04-04 01:02:33,487:      pdf_renderer.py:  470: printSegment: Algorithm Steps:
   DEBUG: 2026-04-04 01:02:33,488:      pdf_renderer.py:  470: printSegment:  1 
   DEBUG: 2026-04-04 01:02:33,488:      pdf_renderer.py:  470: printSegment: Choose K
   DEBUG: 2026-04-04 01:02:33,489:      pdf_renderer.py:  470: printSegment:  (number of clusters).
   DEBUG: 2026-04-04 01:02:33,490:      pdf_renderer.py:  470: printSegment:  2 
   DEBUG: 2026-04-04 01:02:33,490:      pdf_renderer.py:  470: printSegment: Initialize
   DEBUG: 2026-04-04 01:02:33,491:      pdf_renderer.py:  470: printSegment:  K centroids (randomly or given).
   DEBUG: 2026-04-04 01:02:33,492:      pdf_renderer.py:  470: printSegment:  3 
   DEBUG: 2026-04-04 01:02:33,492:      pdf_renderer.py:  470: printSegment: Assign
   DEBUG: 2026-04-04 01:02:33,493:      pdf_renderer.py:  470: printSegment:  each data point to the nearest centroid → forms K clusters.
   DEBUG: 2026-04-04 01:02:33,494:      pdf_renderer.py:  470: printSegment:  4 
   DEBUG: 2026-04-04 01:02:33,495:      pdf_renderer.py:  470: printSegment: Update
   DEBUG: 2026-04-04 01:02:33,495:      pdf_renderer.py:  470: printSegment:  centroids = mean of all points in that cluster.
   DEBUG: 2026-04-04 01:02:33,496:      pdf_renderer.py:  470: printSegment:  5 
   DEBUG: 2026-04-04 01:02:33,497:      pdf_renderer.py:  470: printSegment: Repeat
   DEBUG: 2026-04-04 01:02:33,498:      pdf_renderer.py:  470: printSegment:  steps 3-4 until centroids stop changing (
   DEBUG: 2026-04-04 01:02:33,498:      pdf_renderer.py:  470: printSegment: convergence
   DEBUG: 2026-04-04 01:02:33,499:      pdf_renderer.py:  470: printSegment: ).
   DEBUG: 2026-04-04 01:02:33,500:      pdf_renderer.py:  470: printSegment: Worked Example:
   DEBUG: 2026-04-04 01:02:33,500:      pdf_renderer.py:  470: printSegment: Data: {2, 3, 8, 9, 10}, K=2
   DEBUG: 2026-04-04 01:02:33,501:      pdf_renderer.py:  470: printSegment: Initial centroids: C1=2, C2=10
   DEBUG: 2026-04-04 01:02:33,502:      pdf_renderer.py:  470: printSegment: Iteration 1 — Assign:
   DEBUG: 2026-04-04 01:02:33,511:      pdf_renderer.py:  470: printSegment: | Point | |d to C1=2| | |d to C2=10| | Cluster |
   DEBUG: 2026-04-04 01:02:33,512:      pdf_renderer.py:  470: printSegment:  
   DEBUG: 2026-04-04 01:02:33,513:      pdf_renderer.py:  470: printSegment: |:---:|:---:|:---:|:---:|
   DEBUG: 2026-04-04 01:02:33,513:      pdf_renderer.py:  470: printSegment:  
   DEBUG: 2026-04-04 01:02:33,514:      pdf_renderer.py:  470: printSegment: | 2 | 0 | 8 | C1 |
   DEBUG: 2026-04-04 01:02:33,515:      pdf_renderer.py:  470: printSegment:  
   DEBUG: 2026-04-04 01:02:33,515:      pdf_renderer.py:  470: printSegment: | 3 | 1 | 7 | C1 |
   DEBUG: 2026-04-04 01:02:33,516:      pdf_renderer.py:  470: printSegment:  
   DEBUG: 2026-04-04 01:02:33,517:      pdf_renderer.py:  470: printSegment: | 8 | 6 | 2 | C2 |
   DEBUG: 2026-04-04 01:02:33,517:      pdf_renderer.py:  470: printSegment:  
   DEBUG: 2026-04-04 01:02:33,518:      pdf_renderer.py:  470: printSegment: | 9 | 7 | 1 |
   DEBUG: 2026-04-04 01:02:33,519:      pdf_renderer.py:  470: printSegment: C2 |
   DEBUG: 2026-04-04 01:02:33,519:      pdf_renderer.py:  470: printSegment:  
   DEBUG: 2026-04-04 01:02:33,520:      pdf_renderer.py:  470: printSegment: | 10 | 8 | 0 | C2 |
   DEBUG: 2026-04-04 01:02:33,521:      pdf_renderer.py:  470: printSegment: Update centroids:
   DEBUG: 2026-04-04 01:02:33,521:      pdf_renderer.py:  470: printSegment: l
   DEBUG: 2026-04-04 01:02:33,522:      pdf_renderer.py:  470: printSegment: C1 = (2+3)/2 = 
   DEBUG: 2026-04-04 01:02:33,522:      pdf_renderer.py:  470: printSegment: 2.5
   DEBUG: 2026-04-04 01:02:33,523:      pdf_renderer.py:  470: printSegment: l
   DEBUG: 2026-04-04 01:02:33,523:      pdf_renderer.py:  470: printSegment: C2 = (8+9+10)/3 = 
   DEBUG: 2026-04-04 01:02:33,524:      pdf_renderer.py:  470: printSegment: 9.0
   DEBUG: 2026-04-04 01:02:33,524:      pdf_renderer.py:  470: printSegment: Iteration 2 — Assign (C1=2.5, C2=9.0):
   DEBUG: 2026-04-04 01:02:33,525:      pdf_renderer.py:  470: printSegment: | Point | |d to C1=2.5| | |d to C2=9.0| | Cluster |
   DEBUG: 2026-04-04 01:02:33,526:      pdf_renderer.py:  470: printSegment:  
   DEBUG: 2026-04-04 01:02:33,526:      pdf_renderer.py:  470: printSegment: |:---:|:---:|:---:|:---:|
   DEBUG: 2026-04-04 01:02:33,527:      pdf_renderer.py:  470: printSegment:  
   DEBUG: 2026-04-04 01:02:33,527:      pdf_renderer.py:  470: printSegment: | 2 | 0.5 | 7.0 | C1 |
   DEBUG: 2026-04-04 01:02:33,528:      pdf_renderer.py:  470: printSegment:  
   DEBUG: 2026-04-04 01:02:33,528:      pdf_renderer.py:  470: printSegment: | 3 | 0.5 | 6.0 | C1 |
   DEBUG: 2026-04-04 01:02:33,529:      pdf_renderer.py:  470: printSegment:  
   DEBUG: 2026-04-04 01:02:33,529:      pdf_renderer.py:  470: printSegment: | 8 | 5.5 | 1.0 |
   DEBUG: 2026-04-04 01:02:33,530:      pdf_renderer.py:  470: printSegment: C2 |
   DEBUG: 2026-04-04 01:02:33,530:      pdf_renderer.py:  470: printSegment:  
   DEBUG: 2026-04-04 01:02:33,531:      pdf_renderer.py:  470: printSegment: | 9 | 6.5 | 0.0 | C2 |
   DEBUG: 2026-04-04 01:02:33,531:      pdf_renderer.py:  470: printSegment:  
   DEBUG: 2026-04-04 01:02:33,532:      pdf_renderer.py:  470: printSegment: | 10 | 7.5 | 1.0 | C2 |
   DEBUG: 2026-04-04 01:02:33,533:      pdf_renderer.py:  470: printSegment: Same clusters as before → 
   DEBUG: 2026-04-04 01:02:33,533:      pdf_renderer.py:  470: printSegment: Converged
   DEBUG: 2026-04-04 01:02:33,534:      pdf_renderer.py:  470: printSegment: !
   DEBUG: 2026-04-04 01:02:33,534:      pdf_renderer.py:  470: printSegment:  ✅
   DEBUG: 2026-04-04 01:02:33,535:      pdf_renderer.py:  470: printSegment:  
   DEBUG: 2026-04-04 01:02:33,535:      pdf_renderer.py:  470: printSegment: Final: Cluster 1 = {2, 3}, Cluster 2 = {8, 9, 10}
   DEBUG: 2026-04-04 01:02:33,536:      pdf_renderer.py:  470: printSegment: 2.8 Outlier Detection
   DEBUG: 2026-04-04 01:02:33,537:      pdf_renderer.py:  470: printSegment: What are Outliers?
   DEBUG: 2026-04-04 01:02:33,540:      pdf_renderer.py:  470: printSegment: Data points that are significantly different from the rest. Example: In salaries {30K, 35K, 40K, 45K, 500K}, the
   DEBUG: 2026-04-04 01:02:33,541:      pdf_renderer.py:  470: printSegment: 500K is an outlier.
   DEBUG: 2026-04-04 01:02:33,541:      pdf_renderer.py:  470: printSegment: Method 1: IQR Method
   DEBUG: 2026-04-04 01:02:33,542:      pdf_renderer.py:  470: printSegment: l
   DEBUG: 2026-04-04 01:02:33,543:      pdf_renderer.py:  470: printSegment: Q1 = 25th percentile, Q3 = 75th percentile
   DEBUG: 2026-04-04 01:02:33,543:      pdf_renderer.py:  470: printSegment: l
   DEBUG: 2026-04-04 01:02:33,544:      pdf_renderer.py:  470: printSegment: IQR = Q3 − Q1
   DEBUG: 2026-04-04 01:02:33,544:      pdf_renderer.py:  470: printSegment: l
   DEBUG: 2026-04-04 01:02:33,545:      pdf_renderer.py:  470: printSegment: Lower fence
   DEBUG: 2026-04-04 01:02:33,545:      pdf_renderer.py:  470: printSegment:  = Q1 − 1.5 × IQR
   DEBUG: 2026-04-04 01:02:33,546:      pdf_renderer.py:  470: printSegment: l
   DEBUG: 2026-04-04 01:02:33,547:      pdf_renderer.py:  470: printSegment: Upper fence
   DEBUG: 2026-04-04 01:02:33,547:      pdf_renderer.py:  470: printSegment:  = Q3 + 1.5 × IQR
   DEBUG: 2026-04-04 01:02:33,548:      pdf_renderer.py:  470: printSegment: l
   DEBUG: 2026-04-04 01:02:33,549:      pdf_renderer.py:  470: printSegment: Anything outside fences = Outlier
   DEBUG: 2026-04-04 01:02:33,549:      pdf_renderer.py:  470: printSegment: Robust
   DEBUG: 2026-04-04 01:02:33,550:      pdf_renderer.py:  470: printSegment:  — Q1 and Q3 are not affected by extreme values.
   DEBUG: 2026-04-04 01:02:33,551:      pdf_renderer.py:  470: printSegment: Method 2: Z-Score Method
   DEBUG: 2026-04-04 01:02:33,551:      pdf_renderer.py:  470: printSegment: l
   DEBUG: 2026-04-04 01:02:33,552:      pdf_renderer.py:  470: printSegment: Z = (X − μ) / σ
   DEBUG: 2026-04-04 01:02:33,553:      pdf_renderer.py:  470: printSegment: l
   DEBUG: 2026-04-04 01:02:33,554:      pdf_renderer.py:  470: printSegment: If |Z| > 3 → Outlier (the point is 3+ standard deviations from mean)
   DEBUG: 2026-04-04 01:02:33,554:      pdf_renderer.py:  470: printSegment: Not robust
   DEBUG: 2026-04-04 01:02:33,555:      pdf_renderer.py:  470: printSegment:  — Mean and σ are themselves distorted by outliers.
   DEBUG: 2026-04-04 01:02:33,556:      pdf_renderer.py:  470: printSegment: Comparison:
   DEBUG: 2026-04-04 01:02:33,556:      pdf_renderer.py:  470: printSegment: | | IQR | Z-Score |
   DEBUG: 2026-04-04 01:02:33,557:      pdf_renderer.py:  470: printSegment:  
   DEBUG: 2026-04-04 01:02:33,558:      pdf_renderer.py:  470: printSegment: |---|---|---|
   DEBUG: 2026-04-04 01:02:33,558:      pdf_renderer.py:  470: printSegment:  
   DEBUG: 2026-04-04 01:02:33,559:      pdf_renderer.py:  470: printSegment: | 
   DEBUG: 2026-04-04 01:02:33,559:      pdf_renderer.py:  470: printSegment: Robust?
   DEBUG: 2026-04-04 01:02:33,560:      pdf_renderer.py:  470: printSegment:  | ✅ Yes | ❌ No |
   DEBUG: 2026-04-04 01:02:33,561:      pdf_renderer.py:  470: printSegment:  
   DEBUG: 2026-04-04 01:02:33,561:      pdf_renderer.py:  470: printSegment: | 
   DEBUG: 2026-04-04 01:02:33,562:      pdf_renderer.py:  470: printSegment: Best for
   DEBUG: 2026-04-04 01:02:33,563:      pdf_renderer.py:  470: printSegment:  | Skewed data | Normal distributions |
   DEBUG: 2026-04-04 01:02:33,563:      pdf_renderer.py:  470: printSegment:  
   DEBUG: 2026-04-04 01:02:33,564:      pdf_renderer.py:  470: printSegment: | 
   DEBUG: 2026-04-04 01:02:33,564:      pdf_renderer.py:  470: printSegment: Threshold
   DEBUG: 2026-04-04 01:02:33,565:      pdf_renderer.py:  470: printSegment:  | 1.5 ×
   DEBUG: 2026-04-04 01:02:33,566:      pdf_renderer.py:  470: printSegment: IQR | Z > 3 |
   DEBUG: 2026-04-04 01:02:33,567:      pdf_renderer.py:  470: printSegment: 2.9 Correlation
   DEBUG: 2026-04-04 01:02:33,568:      pdf_renderer.py:  470: printSegment: Correlation
   DEBUG: 2026-04-04 01:02:33,569:      pdf_renderer.py:  470: printSegment:  measures the strength and direction of the relationship between two variables.
   DEBUG: 2026-04-04 01:02:33,570:      pdf_renderer.py:  470: printSegment: Pearson Correlation Coefficient (r):
   DEBUG: 2026-04-04 01:02:33,570:      pdf_renderer.py:  470: printSegment: r = Σ(xᵢ − x̄)(yᵢ − ȳ) / √[Σ(xᵢ − x̄)² × Σ(yᵢ − ȳ)²]
   DEBUG: 2026-04-04 01:02:33,571:      pdf_renderer.py:  470: printSegment: | Value of r | Meaning |
   DEBUG: 2026-04-04 01:02:33,572:      pdf_renderer.py:  470: printSegment:  
   DEBUG: 2026-04-04 01:02:33,573:      pdf_renderer.py:  470: printSegment: |:---:|:---|
   DEBUG: 2026-04-04 01:02:33,573:      pdf_renderer.py:  470: printSegment:  
   DEBUG: 2026-04-04 01:02:33,574:      pdf_renderer.py:  470: printSegment: | +1 | Perfect positive correlation (as X↑, Y↑) |
   DEBUG: 2026-04-04 01:02:33,575:      pdf_renderer.py:  470: printSegment:  
   DEBUG: 2026-04-04 01:02:33,575:      pdf_renderer.py:  470: printSegment: | +0.7 to +1 | Strong positive |
   DEBUG: 2026-04-04 01:02:33,576:      pdf_renderer.py:  470: printSegment:  
   DEBUG: 2026-04-04 01:02:33,577:      pdf_renderer.py:  470: printSegment: | +0.3 to
   DEBUG: 2026-04-04 01:02:33,578:      pdf_renderer.py:  470: printSegment: +0.7 | Moderate positive |
   DEBUG: 2026-04-04 01:02:33,578:      pdf_renderer.py:  470: printSegment:  
   DEBUG: 2026-04-04 01:02:33,579:      pdf_renderer.py:  470: printSegment: | 0 | No correlation |
   DEBUG: 2026-04-04 01:02:33,580:      pdf_renderer.py:  470: printSegment:  
   DEBUG: 2026-04-04 01:02:33,581:      pdf_renderer.py:  470: printSegment: | −0.3 to −0.7 | Moderate negative |
   DEBUG: 2026-04-04 01:02:33,581:      pdf_renderer.py:  470: printSegment:  
   DEBUG: 2026-04-04 01:02:33,582:      pdf_renderer.py:  470: printSegment: | −0.7 to −1 | Strong negative |
   DEBUG: 2026-04-04 01:02:33,583:      pdf_renderer.py:  470: printSegment:  
   DEBUG: 2026-04-04 01:02:33,584:      pdf_renderer.py:  470: printSegment: | −1 | Perfect
   DEBUG: 2026-04-04 01:02:33,585:      pdf_renderer.py:  470: printSegment: negative correlation (as X↑, Y↓) |
   DEBUG: 2026-04-04 01:02:33,586:      pdf_renderer.py:  470: printSegment: 2.10 Model Evaluation Metrics
   DEBUG: 2026-04-04 01:02:33,587:      pdf_renderer.py:  470: printSegment: When you build a model, how do you know if it
   DEBUG: 2026-04-04 01:02:33,587:      pdf_renderer.py:  470: printSegment: '
   DEBUG: 2026-04-04 01:02:33,588:      pdf_renderer.py:  470: printSegment: s good?
   DEBUG: 2026-04-04 01:02:33,588:      pdf_renderer.py:  470: printSegment: Confusion Matrix:
   DEBUG: 2026-04-04 01:02:33,589:      pdf_renderer.py:  470: printSegment: |  | Predicted Positive | Predicted Negative |
   DEBUG: 2026-04-04 01:02:33,590:      pdf_renderer.py:  470: printSegment:  
   DEBUG: 2026-04-04 01:02:33,590:      pdf_renderer.py:  470: printSegment: |---|---|---|
   DEBUG: 2026-04-04 01:02:33,590:      pdf_renderer.py:  470: printSegment:  
   DEBUG: 2026-04-04 01:02:33,591:      pdf_renderer.py:  470: printSegment: | 
   DEBUG: 2026-04-04 01:02:33,591:      pdf_renderer.py:  470: printSegment: Actual Positive
   DEBUG: 2026-04-04 01:02:33,592:      pdf_renderer.py:  470: printSegment:  | TP (True Positive) | FN (False Negative) |
   DEBUG: 2026-04-04 01:02:33,593:      pdf_renderer.py:  470: printSegment:  
   DEBUG: 2026-04-04 01:02:33,593:      pdf_renderer.py:  470: printSegment: | 
   DEBUG: 2026-04-04 01:02:33,594:      pdf_renderer.py:  470: printSegment: Actual Negative
   DEBUG: 2026-04-04 01:02:33,595:      pdf_renderer.py:  470: printSegment:  | FP (False Positive) | TN (True Negative) |
   DEBUG: 2026-04-04 01:02:33,595:      pdf_renderer.py:  470: printSegment: Metrics:
   DEBUG: 2026-04-04 01:02:33,596:      pdf_renderer.py:  470: printSegment: | Metric | Formula | What it measures | When to prioritize |
   DEBUG: 2026-04-04 01:02:33,597:      pdf_renderer.py:  470: printSegment:  
   DEBUG: 2026-04-04 01:02:33,597:      pdf_renderer.py:  470: printSegment: | :--- | :--- | :--- | :--- |
   DEBUG: 2026-04-04 01:02:33,598:      pdf_renderer.py:  470: printSegment:  
   DEBUG: 2026-04-04 01:02:33,598:      pdf_renderer.py:  470: printSegment: | 
   DEBUG: 2026-04-04 01:02:33,599:      pdf_renderer.py:  470: printSegment: Accuracy
   DEBUG: 2026-04-04 01:02:33,600:      pdf_renderer.py:  470: printSegment:  | (TP+TN) / Total |
   DEBUG: 2026-04-04 01:02:33,601:      pdf_renderer.py:  470: printSegment: Overall correctness | Balanced datasets |
   DEBUG: 2026-04-04 01:02:33,601:      pdf_renderer.py:  470: printSegment:  
   DEBUG: 2026-04-04 01:02:33,602:      pdf_renderer.py:  470: printSegment: | 
   DEBUG: 2026-04-04 01:02:33,603:      pdf_renderer.py:  470: printSegment: Precision
   DEBUG: 2026-04-04 01:02:33,606:      pdf_renderer.py:  470: printSegment:  | TP / (TP+FP) | Of predicted positives, how many are correct? |
   DEBUG: 2026-04-04 01:02:33,607:      pdf_renderer.py:  470: printSegment: When false alarms are costly (spam detection) |
   DEBUG: 2026-04-04 01:02:33,607:      pdf_renderer.py:  470: printSegment:  
   DEBUG: 2026-04-04 01:02:33,608:      pdf_renderer.py:  470: printSegment: | 
   DEBUG: 2026-04-04 01:02:33,608:      pdf_renderer.py:  470: printSegment: Recall
   DEBUG: 2026-04-04 01:02:33,612:      pdf_renderer.py:  470: printSegment:  | TP / (TP+FN) | Of actual positives, how many were
   DEBUG: 2026-04-04 01:02:33,612:      pdf_renderer.py:  470: printSegment: caught? | When missing positives is dangerous (disease detection) |
   DEBUG: 2026-04-04 01:02:33,613:      pdf_renderer.py:  470: printSegment:  
   DEBUG: 2026-04-04 01:02:33,613:      pdf_renderer.py:  470: printSegment: | 
   DEBUG: 2026-04-04 01:02:33,614:      pdf_renderer.py:  470: printSegment: F1-Score
   DEBUG: 2026-04-04 01:02:33,615:      pdf_renderer.py:  470: printSegment:  | 2×(P×R)/(P+R) | Harmonic mean of
   DEBUG: 2026-04-04 01:02:33,616:      pdf_renderer.py:  470: printSegment: precision 
   DEBUG: 2026-04-04 01:02:33,616:      pdf_renderer.py:  470: printSegment: &
   DEBUG: 2026-04-04 01:02:33,617:      pdf_renderer.py:  470: printSegment:  recall | Imbalanced datasets |
   DEBUG: 2026-04-04 01:02:33,617:      pdf_renderer.py:  470: printSegment:  
   DEBUG: 2026-04-04 01:02:33,618:      pdf_renderer.py:  470: printSegment: | 
   DEBUG: 2026-04-04 01:02:33,618:      pdf_renderer.py:  470: printSegment: Specificity
   DEBUG: 2026-04-04 01:02:33,621:      pdf_renderer.py:  470: printSegment:  | TN / (TN+FP) | Of actual negatives, how many were
   DEBUG: 2026-04-04 01:02:33,622:      pdf_renderer.py:  470: printSegment: correctly identified? | Important in medical screening |
   DEBUG: 2026-04-04 01:02:33,623:      pdf_renderer.py:  470: printSegment: Class Imbalance Problem:
   DEBUG: 2026-04-04 01:02:33,624:      pdf_renderer.py:  470: printSegment: If 95% of data is class A and 5% is class B, a model that always predicts A gets 95% accuracy — but it
   DEBUG: 2026-04-04 01:02:33,624:      pdf_renderer.py:  470: printSegment: '
   DEBUG: 2026-04-04 01:02:33,625:      pdf_renderer.py:  470: printSegment: s useless for
   DEBUG: 2026-04-04 01:02:33,626:      pdf_renderer.py:  470: printSegment: detecting B
   DEBUG: 2026-04-04 01:02:33,626:      pdf_renderer.py:  470: printSegment: !
   DEBUG: 2026-04-04 01:02:33,627:      pdf_renderer.py:  470: printSegment: Solutions:
   DEBUG: 2026-04-04 01:02:33,627:      pdf_renderer.py:  470: printSegment: l
   DEBUG: 2026-04-04 01:02:33,628:      pdf_renderer.py:  470: printSegment: SMOTE
   DEBUG: 2026-04-04 01:02:33,629:      pdf_renderer.py:  470: printSegment:  — Create synthetic minority samples.
   DEBUG: 2026-04-04 01:02:33,630:      pdf_renderer.py:  470: printSegment: l
   DEBUG: 2026-04-04 01:02:33,630:      pdf_renderer.py:  470: printSegment: Class Weights
   DEBUG: 2026-04-04 01:02:33,631:      pdf_renderer.py:  470: printSegment:  — Penalize misclassification of minority class more.
   DEBUG: 2026-04-04 01:02:33,632:      pdf_renderer.py:  470: printSegment: l
   DEBUG: 2026-04-04 01:02:33,632:      pdf_renderer.py:  470: printSegment: Undersampling
   DEBUG: 2026-04-04 01:02:33,633:      pdf_renderer.py:  470: printSegment:  — Reduce majority class.
   DEBUG: 2026-04-04 01:02:33,634:      pdf_renderer.py:  470: printSegment: l
   DEBUG: 2026-04-04 01:02:33,634:      pdf_renderer.py:  470: printSegment: Use F1-Score
   DEBUG: 2026-04-04 01:02:33,635:      pdf_renderer.py:  470: printSegment:  instead of accuracy.
   DEBUG: 2026-04-04 01:02:33,636:      pdf_renderer.py:  470: printSegment: 2.11 Sampling Techniques
   DEBUG: 2026-04-04 01:02:33,637:      pdf_renderer.py:  470: printSegment: | Technique | How it works | Example | Pros | Cons |
   DEBUG: 2026-04-04 01:02:33,638:      pdf_renderer.py:  470: printSegment:  
   DEBUG: 2026-04-04 01:02:33,639:      pdf_renderer.py:  470: printSegment: | :--- | :--- | :--- | :--- | :--- |
   DEBUG: 2026-04-04 01:02:33,639:      pdf_renderer.py:  470: printSegment:  
   DEBUG: 2026-04-04 01:02:33,640:      pdf_renderer.py:  470: printSegment: | 
   DEBUG: 2026-04-04 01:02:33,641:      pdf_renderer.py:  470: printSegment: Simple Random
   DEBUG: 2026-04-04 01:02:33,644:      pdf_renderer.py:  470: printSegment:  | Every item has
   DEBUG: 2026-04-04 01:02:33,645:      pdf_renderer.py:  470: printSegment: equal chance | Draw 100 names from a hat | Unbiased | May miss subgroups |
   DEBUG: 2026-04-04 01:02:33,646:      pdf_renderer.py:  470: printSegment:  
   DEBUG: 2026-04-04 01:02:33,647:      pdf_renderer.py:  470: printSegment: | 
   DEBUG: 2026-04-04 01:02:33,647:      pdf_renderer.py:  470: printSegment: Systematic
   DEBUG: 2026-04-04 01:02:33,651:      pdf_renderer.py:  470: printSegment:  | Select every k-th item |
   DEBUG: 2026-04-04 01:02:33,652:      pdf_renderer.py:  470: printSegment: Every 10th product on assembly line | Easy | Bias if data has cycles |
   DEBUG: 2026-04-04 01:02:33,653:      pdf_renderer.py:  470: printSegment:  
   DEBUG: 2026-04-04 01:02:33,653:      pdf_renderer.py:  470: printSegment: | 
   DEBUG: 2026-04-04 01:02:33,654:      pdf_renderer.py:  470: printSegment: Stratified
   DEBUG: 2026-04-04 01:02:33,660:      pdf_renderer.py:  470: printSegment:  | Divide into groups (strata), sample
   DEBUG: 2026-04-04 01:02:33,661:      pdf_renderer.py:  470: printSegment: proportionally | Sample students from each department | All groups represented | Need to know strata |
   DEBUG: 2026-04-04 01:02:33,662:      pdf_renderer.py:  470: printSegment:  
   DEBUG: 2026-04-04 01:02:33,663:      pdf_renderer.py:  470: printSegment: | 
   DEBUG: 2026-04-04 01:02:33,663:      pdf_renderer.py:  470: printSegment: Cluster
   DEBUG: 2026-04-04 01:02:33,669:      pdf_renderer.py:  470: printSegment:  |
   DEBUG: 2026-04-04 01:02:33,671:      pdf_renderer.py:  470: printSegment: Divide into clusters, randomly pick entire clusters | Survey all households in 5 random villages | Cost-effective |
   DEBUG: 2026-04-04 01:02:33,672:      pdf_renderer.py:  470: printSegment: High variability |
   DEBUG: 2026-04-04 01:02:33,673:      pdf_renderer.py:  470: printSegment:  
   DEBUG: 2026-04-04 01:02:33,673:      pdf_renderer.py:  470: printSegment: | 
   DEBUG: 2026-04-04 01:02:33,674:      pdf_renderer.py:  470: printSegment: Convenience
   DEBUG: 2026-04-04 01:02:33,676:      pdf_renderer.py:  470: printSegment:  | Use whatever is easily available | Survey friends on campus | Quick | Highly
   DEBUG: 2026-04-04 01:02:33,677:      pdf_renderer.py:  470: printSegment: biased |
   DEBUG: 2026-04-04 01:02:33,678:      pdf_renderer.py:  470: printSegment: 🔷 UNIT 3: PYTHON FOR DATA ANALYSIS 
   DEBUG: 2026-04-04 01:02:33,679:      pdf_renderer.py:  470: printSegment: &
   DEBUG: 2026-04-04 01:02:33,679:      pdf_renderer.py:  470: printSegment:  VISUALIZATION
   DEBUG: 2026-04-04 01:02:33,681:      pdf_renderer.py:  470: printSegment: 3.1 Introduction to Python (for Data Science)
   DEBUG: 2026-04-04 01:02:33,682:      pdf_renderer.py:  470: printSegment: Python is the most popular language for data science because:
   DEBUG: 2026-04-04 01:02:33,683:      pdf_renderer.py:  470: printSegment: l
   DEBUG: 2026-04-04 01:02:33,683:      pdf_renderer.py:  470: printSegment: Simple, readable syntax.
   DEBUG: 2026-04-04 01:02:33,684:      pdf_renderer.py:  470: printSegment: l
   DEBUG: 2026-04-04 01:02:33,685:      pdf_renderer.py:  470: printSegment: Massive ecosystem of libraries (NumPy, Pandas, Matplotlib, Scikit-learn).
   DEBUG: 2026-04-04 01:02:33,686:      pdf_renderer.py:  470: printSegment: l
   DEBUG: 2026-04-04 01:02:33,686:      pdf_renderer.py:  470: printSegment: Large community and free resources.
   DEBUG: 2026-04-04 01:02:33,687:      pdf_renderer.py:  470: printSegment: Key Python Concepts for Data Science:
   DEBUG: 2026-04-04 01:02:33,688:      pdf_renderer.py:  470: printSegment: Variables and Types:
   DEBUG: 2026-04-04 01:02:33,689:      pdf_renderer.py:  470: printSegment: x = 10          # int
   DEBUG: 2026-04-04 01:02:33,689:      pdf_renderer.py:  470: printSegment: y = 3.14        # float
   DEBUG: 2026-04-04 01:02:33,690:      pdf_renderer.py:  470: printSegment: name = "Rajat"  # string
   DEBUG: 2026-04-04 01:02:33,691:      pdf_renderer.py:  470: printSegment: is_student = True  # boolean
   DEBUG: 2026-04-04 01:02:33,691:      pdf_renderer.py:  470: printSegment: Lists (mutable, ordered):
   DEBUG: 2026-04-04 01:02:33,692:      pdf_renderer.py:  470: printSegment: fruits = ["apple", "banana", "cherry"]
   DEBUG: 2026-04-04 01:02:33,693:      pdf_renderer.py:  470: printSegment: fruits.append("mango")       # Add item
   DEBUG: 2026-04-04 01:02:33,694:      pdf_renderer.py:  470: printSegment: fruits[0]                    # Access: "apple"
   DEBUG: 2026-04-04 01:02:33,694:      pdf_renderer.py:  470: printSegment: len(fruits)                  # Length: 4
   DEBUG: 2026-04-04 01:02:33,695:      pdf_renderer.py:  470: printSegment: Tuples (immutable, ordered):
   DEBUG: 2026-04-04 01:02:33,696:      pdf_renderer.py:  470: printSegment: point = (10, 20)
   DEBUG: 2026-04-04 01:02:33,697:      pdf_renderer.py:  470: printSegment: # point[0] = 30  ← ERROR! Can't modify tuples
   DEBUG: 2026-04-04 01:02:33,697:      pdf_renderer.py:  470: printSegment: Dictionaries (key-value pairs):
   DEBUG: 2026-04-04 01:02:33,698:      pdf_renderer.py:  470: printSegment: student = {"name": "Rajat", "age": 21, "cgpa": 8.5}
   DEBUG: 2026-04-04 01:02:33,699:      pdf_renderer.py:  470: printSegment: student["name"]              # "Rajat"
   DEBUG: 2026-04-04 01:02:33,700:      pdf_renderer.py:  470: printSegment: student["city"] = "Delhi"    # Add new key
   DEBUG: 2026-04-04 01:02:33,700:      pdf_renderer.py:  470: printSegment: Functions:
   DEBUG: 2026-04-04 01:02:33,701:      pdf_renderer.py:  470: printSegment: def sum_list(numbers):
   DEBUG: 2026-04-04 01:02:33,702:      pdf_renderer.py:  470: printSegment:     return sum(numbers)
   DEBUG: 2026-04-04 01:02:33,702:      pdf_renderer.py:  470: printSegment: result = sum_list([1, 2, 3, 4, 5])  # 15
   DEBUG: 2026-04-04 01:02:33,703:      pdf_renderer.py:  470: printSegment: Operator Precedence (highest to lowest):
   DEBUG: 2026-04-04 01:02:33,704:      pdf_renderer.py:  470: printSegment:  1 
   DEBUG: 2026-04-04 01:02:33,704:      pdf_renderer.py:  470: printSegment: **
   DEBUG: 2026-04-04 01:02:33,705:      pdf_renderer.py:  470: printSegment:  (exponentiation)
   DEBUG: 2026-04-04 01:02:33,705:      pdf_renderer.py:  470: printSegment:  2 
   DEBUG: 2026-04-04 01:02:33,706:      pdf_renderer.py:  470: printSegment: *
   DEBUG: 2026-04-04 01:02:33,706:      pdf_renderer.py:  470: printSegment: , 
   DEBUG: 2026-04-04 01:02:33,707:      pdf_renderer.py:  470: printSegment: /
   DEBUG: 2026-04-04 01:02:33,707:      pdf_renderer.py:  470: printSegment: , 
   DEBUG: 2026-04-04 01:02:33,708:      pdf_renderer.py:  470: printSegment: //
   DEBUG: 2026-04-04 01:02:33,709:      pdf_renderer.py:  470: printSegment: , 
   DEBUG: 2026-04-04 01:02:33,709:      pdf_renderer.py:  470: printSegment: %
   DEBUG: 2026-04-04 01:02:33,710:      pdf_renderer.py:  470: printSegment:  (left to right)
   DEBUG: 2026-04-04 01:02:33,710:      pdf_renderer.py:  470: printSegment:  3 
   DEBUG: 2026-04-04 01:02:33,711:      pdf_renderer.py:  470: printSegment: +
   DEBUG: 2026-04-04 01:02:33,711:      pdf_renderer.py:  470: printSegment: , 
   DEBUG: 2026-04-04 01:02:33,712:      pdf_renderer.py:  470: printSegment: -
   DEBUG: 2026-04-04 01:02:33,712:      pdf_renderer.py:  470: printSegment:  (left to right)
   DEBUG: 2026-04-04 01:02:33,713:      pdf_renderer.py:  470: printSegment: Example: 
   DEBUG: 2026-04-04 01:02:33,714:      pdf_renderer.py:  470: printSegment: x=7, y=3, y = x//y = 2
   DEBUG: 2026-04-04 01:02:33,714:      pdf_renderer.py:  470: printSegment: , then 
   DEBUG: 2026-04-04 01:02:33,716:      pdf_renderer.py:  470: printSegment: z = 7**2 // 2 + 7%2 * 3 = 49//2 + 1*3 = 24+3
   DEBUG: 2026-04-04 01:02:33,716:      pdf_renderer.py:  470: printSegment: = 27
   DEBUG: 2026-04-04 01:02:33,717:      pdf_renderer.py:  470: printSegment: 3.2 NumPy — Numerical Python
   DEBUG: 2026-04-04 01:02:33,718:      pdf_renderer.py:  470: printSegment: NumPy provides fast, efficient arrays for numerical computations.
   DEBUG: 2026-04-04 01:02:33,719:      pdf_renderer.py:  470: printSegment: Why NumPy over Python lists?
   DEBUG: 2026-04-04 01:02:33,720:      pdf_renderer.py:  470: printSegment: l
   DEBUG: 2026-04-04 01:02:33,720:      pdf_renderer.py:  470: printSegment: Speed:
   DEBUG: 2026-04-04 01:02:33,721:      pdf_renderer.py:  470: printSegment:  NumPy arrays are stored in contiguous memory → 50-100x faster.
   DEBUG: 2026-04-04 01:02:33,722:      pdf_renderer.py:  470: printSegment: l
   DEBUG: 2026-04-04 01:02:33,723:      pdf_renderer.py:  470: printSegment: Functionality:
   DEBUG: 2026-04-04 01:02:33,724:      pdf_renderer.py:  470: printSegment:  Built-in math functions (mean, std, dot product, matrix operations).
   DEBUG: 2026-04-04 01:02:33,724:      pdf_renderer.py:  470: printSegment: l
   DEBUG: 2026-04-04 01:02:33,725:      pdf_renderer.py:  470: printSegment: Broadcasting:
   DEBUG: 2026-04-04 01:02:33,726:      pdf_renderer.py:  470: printSegment:  Operations on arrays of different shapes.
   DEBUG: 2026-04-04 01:02:33,727:      pdf_renderer.py:  470: printSegment: import numpy as np
   DEBUG: 2026-04-04 01:02:33,727:      pdf_renderer.py:  470: printSegment: # Create arrays
   DEBUG: 2026-04-04 01:02:33,728:      pdf_renderer.py:  470: printSegment: arr = np.array([10, 20, 30, 40, 50])
   DEBUG: 2026-04-04 01:02:33,729:      pdf_renderer.py:  470: printSegment: matrix = np.array([[1, 2, 3], [4, 5, 6], [7, 8, 9]])
   DEBUG: 2026-04-04 01:02:33,729:      pdf_renderer.py:  470: printSegment: # Basic operations
   DEBUG: 2026-04-04 01:02:33,730:      pdf_renderer.py:  470: printSegment: print(np.mean(arr))       # 30.0
   DEBUG: 2026-04-04 01:02:33,731:      pdf_renderer.py:  470: printSegment: print(np.median(arr))     # 30.0
   DEBUG: 2026-04-04 01:02:33,731:      pdf_renderer.py:  470: printSegment: print(np.std(arr))        # 14.14
   DEBUG: 2026-04-04 01:02:33,732:      pdf_renderer.py:  470: printSegment: print(np.var(arr))        # 200.0
   DEBUG: 2026-04-04 01:02:33,732:      pdf_renderer.py:  470: printSegment: print(np.min(arr))        # 10
   DEBUG: 2026-04-04 01:02:33,733:      pdf_renderer.py:  470: printSegment: print(np.max(arr))        # 50
   DEBUG: 2026-04-04 01:02:33,734:      pdf_renderer.py:  470: printSegment: print(np.sum(arr))        # 150
   DEBUG: 2026-04-04 01:02:33,734:      pdf_renderer.py:  470: printSegment: print(np.argmax(arr))     # 4 (index of max value)
   DEBUG: 2026-04-04 01:02:33,735:      pdf_renderer.py:  470: printSegment: # Reshape
   DEBUG: 2026-04-04 01:02:33,736:      pdf_renderer.py:  470: printSegment: arr2 = np.arange(1, 10)          # [1, 2, 3, ..., 9]
   DEBUG: 2026-04-04 01:02:33,736:      pdf_renderer.py:  470: printSegment: matrix = arr2.reshape(3, 3)     # 3x3 matrix
   DEBUG: 2026-04-04 01:02:33,737:      pdf_renderer.py:  470: printSegment: # Element-wise operations
   DEBUG: 2026-04-04 01:02:33,738:      pdf_renderer.py:  470: printSegment: a = np.array([1, 2, 3])
   DEBUG: 2026-04-04 01:02:33,738:      pdf_renderer.py:  470: printSegment: b = np.array([4, 5, 6])
   DEBUG: 2026-04-04 01:02:33,739:      pdf_renderer.py:  470: printSegment: print(a + b)    # [5, 7, 9]
   DEBUG: 2026-04-04 01:02:33,739:      pdf_renderer.py:  470: printSegment: print(a * b)    # [4, 10, 18]
   DEBUG: 2026-04-04 01:02:33,740:      pdf_renderer.py:  470: printSegment: print(a ** 2)   # [1, 4, 9]
   DEBUG: 2026-04-04 01:02:33,740:      pdf_renderer.py:  470: printSegment: # Column/Row sums
   DEBUG: 2026-04-04 01:02:33,741:      pdf_renderer.py:  470: printSegment: print(np.sum(matrix, axis=0))   # Column-wise sum
   DEBUG: 2026-04-04 01:02:33,742:      pdf_renderer.py:  470: printSegment: print(np.sum(matrix, axis=1))   # Row-wise sum
   DEBUG: 2026-04-04 01:02:33,743:      pdf_renderer.py:  470: printSegment: # Random numbers
   DEBUG: 2026-04-04 01:02:33,744:      pdf_renderer.py:  470: printSegment: random_arr = np.random.normal(50, 10, 100)  # 100 values, mean=50,
   DEBUG: 2026-04-04 01:02:33,744:      pdf_renderer.py:  470: printSegment: std=10
   DEBUG: 2026-04-04 01:02:33,745:      pdf_renderer.py:  470: printSegment: 3.3 Pandas — Data Analysis
   DEBUG: 2026-04-04 01:02:33,746:      pdf_renderer.py:  470: printSegment: Pandas is the most important library for data science. It provides two key data structures:
   DEBUG: 2026-04-04 01:02:33,747:      pdf_renderer.py:  470: printSegment: Series (1D labelled array):
   DEBUG: 2026-04-04 01:02:33,748:      pdf_renderer.py:  470: printSegment: import pandas as pd
   DEBUG: 2026-04-04 01:02:33,749:      pdf_renderer.py:  470: printSegment: s = pd.Series([10, 20, 30, 40], index=['a', 'b', 'c', 'd'])
   DEBUG: 2026-04-04 01:02:33,750:      pdf_renderer.py:  470: printSegment: print(s['b'])  # 20
   DEBUG: 2026-04-04 01:02:33,751:      pdf_renderer.py:  470: printSegment: DataFrame (2D labelled table):
   DEBUG: 2026-04-04 01:02:33,752:      pdf_renderer.py:  470: printSegment: data = {
   DEBUG: 2026-04-04 01:02:33,753:      pdf_renderer.py:  470: printSegment:     'Name': ['Alice', 'Bob', 'Charlie'],
   DEBUG: 2026-04-04 01:02:33,754:      pdf_renderer.py:  470: printSegment:     'Age': [22, 25, 23],
   DEBUG: 2026-04-04 01:02:33,754:      pdf_renderer.py:  470: printSegment:     'Marks': [85, 90, 78]
   DEBUG: 2026-04-04 01:02:33,755:      pdf_renderer.py:  470: printSegment: }
   DEBUG: 2026-04-04 01:02:33,755:      pdf_renderer.py:  470: printSegment: df = pd.DataFrame(data)
   DEBUG: 2026-04-04 01:02:33,756:      pdf_renderer.py:  470: printSegment: Essential Pandas Operations:
   DEBUG: 2026-04-04 01:02:33,757:      pdf_renderer.py:  470: printSegment: Reading Data:
   DEBUG: 2026-04-04 01:02:33,758:      pdf_renderer.py:  470: printSegment: df = pd.read_csv('data.csv')          # Read CSV
   DEBUG: 2026-04-04 01:02:33,759:      pdf_renderer.py:  470: printSegment: df = pd.read_excel('data.xlsx')       # Read Excel
   DEBUG: 2026-04-04 01:02:33,760:      pdf_renderer.py:  470: printSegment: df = pd.read_json('data.json')        # Read JSON
   DEBUG: 2026-04-04 01:02:33,760:      pdf_renderer.py:  470: printSegment: Exploring Data:
   DEBUG: 2026-04-04 01:02:33,761:      pdf_renderer.py:  470: printSegment: df.head()           # First 5 rows
   DEBUG: 2026-04-04 01:02:33,762:      pdf_renderer.py:  470: printSegment: df.tail()           # Last 5 rows
   DEBUG: 2026-04-04 01:02:33,762:      pdf_renderer.py:  470: printSegment: df.shape            # (rows, columns)
   DEBUG: 2026-04-04 01:02:33,763:      pdf_renderer.py:  470: printSegment: df.dtypes           # Data types
   DEBUG: 2026-04-04 01:02:33,764:      pdf_renderer.py:  470: printSegment: df.describe()       # Statistical summary
   DEBUG: 2026-04-04 01:02:33,764:      pdf_renderer.py:  470: printSegment: df.info()           # Compact info
   DEBUG: 2026-04-04 01:02:33,765:      pdf_renderer.py:  470: printSegment: df.columns.tolist() # List of column names
   DEBUG: 2026-04-04 01:02:33,766:      pdf_renderer.py:  470: printSegment: df.nunique()        # Unique values per column
   DEBUG: 2026-04-04 01:02:33,766:      pdf_renderer.py:  470: printSegment: Handling Missing Values:
   DEBUG: 2026-04-04 01:02:33,767:      pdf_renderer.py:  470: printSegment: df.isnull().sum()                          # Count NaN per column
   DEBUG: 2026-04-04 01:02:33,768:      pdf_renderer.py:  470: printSegment: df['col'].fillna(df['col'].mean())         # Fill with mean
   DEBUG: 2026-04-04 01:02:33,769:      pdf_renderer.py:  470: printSegment: df['col'].fillna(df['col'].median())       # Fill with median
   DEBUG: 2026-04-04 01:02:33,770:      pdf_renderer.py:  470: printSegment: df['col'].fillna(df['col'].mode()[0])      # Fill with mode
   DEBUG: 2026-04-04 01:02:33,771:      pdf_renderer.py:  470: printSegment: df.dropna()                                 # Drop rows with any
   DEBUG: 2026-04-04 01:02:33,771:      pdf_renderer.py:  470: printSegment: NaN
   DEBUG: 2026-04-04 01:02:33,773:      pdf_renderer.py:  470: printSegment: df.dropna(subset=['col1', 'col2'])         # Drop if specific cols
   DEBUG: 2026-04-04 01:02:33,773:      pdf_renderer.py:  470: printSegment: are NaN
   DEBUG: 2026-04-04 01:02:33,774:      pdf_renderer.py:  470: printSegment: df.ffill()                                  # Forward fill
   DEBUG: 2026-04-04 01:02:33,775:      pdf_renderer.py:  470: printSegment: df.bfill()                                  # Backward fill
   DEBUG: 2026-04-04 01:02:33,776:      pdf_renderer.py:  470: printSegment: df['col'].interpolate()                     # Linear interpolation
   DEBUG: 2026-04-04 01:02:33,776:      pdf_renderer.py:  470: printSegment: Selecting 
   DEBUG: 2026-04-04 01:02:33,777:      pdf_renderer.py:  470: printSegment: &
   DEBUG: 2026-04-04 01:02:33,777:      pdf_renderer.py:  470: printSegment:  Filtering:
   DEBUG: 2026-04-04 01:02:33,778:      pdf_renderer.py:  470: printSegment: df['Name']                                  # Select one column
   DEBUG: 2026-04-04 01:02:33,779:      pdf_renderer.py:  470: printSegment: df[['Name', 'Age']]                         # Select multiple
   DEBUG: 2026-04-04 01:02:33,780:      pdf_renderer.py:  470: printSegment: columns
   DEBUG: 2026-04-04 01:02:33,781:      pdf_renderer.py:  470: printSegment: df[df['Age'] > 25]                          # Filter rows
   DEBUG: 2026-04-04 01:02:33,781:      pdf_renderer.py:  470: printSegment: df[(df['Age'] > 20) & (df['Marks'] > 80)]  # Multiple conditions
   DEBUG: 2026-04-04 01:02:33,782:      pdf_renderer.py:  470: printSegment: df.loc['a', 'Name']                         # Label-based
   DEBUG: 2026-04-04 01:02:33,783:      pdf_renderer.py:  470: printSegment: df.iloc[0, 0]                              # Position-based
   DEBUG: 2026-04-04 01:02:33,784:      pdf_renderer.py:  470: printSegment: loc
   DEBUG: 2026-04-04 01:02:33,784:      pdf_renderer.py:  470: printSegment:  vs 
   DEBUG: 2026-04-04 01:02:33,785:      pdf_renderer.py:  470: printSegment: iloc
   DEBUG: 2026-04-04 01:02:33,785:      pdf_renderer.py:  470: printSegment: :
   DEBUG: 2026-04-04 01:02:33,786:      pdf_renderer.py:  470: printSegment: | | 
   DEBUG: 2026-04-04 01:02:33,787:      pdf_renderer.py:  470: printSegment: loc
   DEBUG: 2026-04-04 01:02:33,787:      pdf_renderer.py:  470: printSegment:  | 
   DEBUG: 2026-04-04 01:02:33,788:      pdf_renderer.py:  470: printSegment: iloc
   DEBUG: 2026-04-04 01:02:33,788:      pdf_renderer.py:  470: printSegment:  |
   DEBUG: 2026-04-04 01:02:33,789:      pdf_renderer.py:  470: printSegment:  
   DEBUG: 2026-04-04 01:02:33,790:      pdf_renderer.py:  470: printSegment: |---|---|---|
   DEBUG: 2026-04-04 01:02:33,790:      pdf_renderer.py:  470: printSegment:  
   DEBUG: 2026-04-04 01:02:33,791:      pdf_renderer.py:  470: printSegment: | 
   DEBUG: 2026-04-04 01:02:33,791:      pdf_renderer.py:  470: printSegment: Type
   DEBUG: 2026-04-04 01:02:33,792:      pdf_renderer.py:  470: printSegment:  | Label-based | Integer position-based |
   DEBUG: 2026-04-04 01:02:33,793:      pdf_renderer.py:  470: printSegment:  
   DEBUG: 2026-04-04 01:02:33,793:      pdf_renderer.py:  470: printSegment: | 
   DEBUG: 2026-04-04 01:02:33,794:      pdf_renderer.py:  470: printSegment: End
   DEBUG: 2026-04-04 01:02:33,794:      pdf_renderer.py:  470: printSegment:  | Inclusive | Exclusive |
   DEBUG: 2026-04-04 01:02:33,795:      pdf_renderer.py:  470: printSegment:  
   DEBUG: 2026-04-04 01:02:33,796:      pdf_renderer.py:  470: printSegment: | 
   DEBUG: 2026-04-04 01:02:33,796:      pdf_renderer.py:  470: printSegment: Example
   DEBUG: 2026-04-04 01:02:33,797:      pdf_renderer.py:  470: printSegment:  | 
   DEBUG: 2026-04-04 01:02:33,798:      pdf_renderer.py:  470: printSegment: df.loc['a':'c']
   DEBUG: 2026-04-04 01:02:33,798:      pdf_renderer.py:  470: printSegment:  → includes c | 
   DEBUG: 2026-04-04 01:02:33,799:      pdf_renderer.py:  470: printSegment: df.iloc[0:3]
   DEBUG: 2026-04-04 01:02:33,800:      pdf_renderer.py:  470: printSegment:  → excludes index 3 |
   DEBUG: 2026-04-04 01:02:33,801:      pdf_renderer.py:  470: printSegment: Adding/Modifying Columns:
   DEBUG: 2026-04-04 01:02:33,802:      pdf_renderer.py:  470: printSegment: df['City'] = ['Delhi', 'Mumbai', 'Pune']    # Add new column
   DEBUG: 2026-04-04 01:02:33,803:      pdf_renderer.py:  470: printSegment: df['Pass'] = df['Marks'] > 80              # Computed column
   DEBUG: 2026-04-04 01:02:33,804:      pdf_renderer.py:  470: printSegment: df['Grade'] = df['Marks'].apply(lambda x: 'A' if x > 85 else 'B')
   DEBUG: 2026-04-04 01:02:33,804:      pdf_renderer.py:  470: printSegment: Sorting:
   DEBUG: 2026-04-04 01:02:33,805:      pdf_renderer.py:  470: printSegment: df.sort_values('Marks', ascending=False)    # Sort by marks
   DEBUG: 2026-04-04 01:02:33,806:      pdf_renderer.py:  470: printSegment: descending
   DEBUG: 2026-04-04 01:02:33,807:      pdf_renderer.py:  470: printSegment: df.sort_values(['Dept', 'Marks'])          # Multi-column sort
   DEBUG: 2026-04-04 01:02:33,808:      pdf_renderer.py:  470: printSegment: Grouping 
   DEBUG: 2026-04-04 01:02:33,808:      pdf_renderer.py:  470: printSegment: &
   DEBUG: 2026-04-04 01:02:33,809:      pdf_renderer.py:  470: printSegment:  Aggregation:
   DEBUG: 2026-04-04 01:02:33,811:      pdf_renderer.py:  470: printSegment: df.groupby('Department')['Salary'].mean()              # Average
   DEBUG: 2026-04-04 01:02:33,812:      pdf_renderer.py:  470: printSegment: salary per dept
   DEBUG: 2026-04-04 01:02:33,813:      pdf_renderer.py:  470: printSegment: df.groupby('Department').agg({'Salary': ['mean', 'max', 'min']})  #
   DEBUG: 2026-04-04 01:02:33,814:      pdf_renderer.py:  470: printSegment: Multiple aggs
   DEBUG: 2026-04-04 01:02:33,815:      pdf_renderer.py:  470: printSegment: df.groupby(['Department', 'Gender'])['Salary'].mean()  #
   DEBUG: 2026-04-04 01:02:33,815:      pdf_renderer.py:  470: printSegment: Multi-level grouping
   DEBUG: 2026-04-04 01:02:33,816:      pdf_renderer.py:  470: printSegment: Removing Duplicates:
   DEBUG: 2026-04-04 01:02:33,817:      pdf_renderer.py:  470: printSegment: df = df.drop_duplicates()
   DEBUG: 2026-04-04 01:02:33,817:      pdf_renderer.py:  470: printSegment: df = df.drop_duplicates(subset='Email', keep='first')
   DEBUG: 2026-04-04 01:02:33,818:      pdf_renderer.py:  470: printSegment: Saving Data:
   DEBUG: 2026-04-04 01:02:33,819:      pdf_renderer.py:  470: printSegment: df.to_csv('output.csv', index=False)
   DEBUG: 2026-04-04 01:02:33,819:      pdf_renderer.py:  470: printSegment: df.to_excel('output.xlsx', index=False)
   DEBUG: 2026-04-04 01:02:33,820:      pdf_renderer.py:  470: printSegment: Pivot Tables:
   DEBUG: 2026-04-04 01:02:33,821:      pdf_renderer.py:  470: printSegment: pivot = df.pivot_table(values='Salary', index='Department',
   DEBUG: 2026-04-04 01:02:33,822:      pdf_renderer.py:  470: printSegment: columns='Gender', aggfunc='mean')
   DEBUG: 2026-04-04 01:02:33,823:      pdf_renderer.py:  470: printSegment: Merging DataFrames:
   DEBUG: 2026-04-04 01:02:33,823:      pdf_renderer.py:  470: printSegment: merged = pd.merge(df1, df2, on='ID', how='inner')      # Inner join
   DEBUG: 2026-04-04 01:02:33,824:      pdf_renderer.py:  470: printSegment: merged = pd.merge(df1, df2, on='ID', how='left')       # Left join
   DEBUG: 2026-04-04 01:02:33,825:      pdf_renderer.py:  470: printSegment: 3.4 Matplotlib — Basic Plotting
   DEBUG: 2026-04-04 01:02:33,827:      pdf_renderer.py:  470: printSegment: Matplotlib is the foundation of data visualization in Python.
   DEBUG: 2026-04-04 01:02:33,827:      pdf_renderer.py:  470: printSegment: Line Chart:
   DEBUG: 2026-04-04 01:02:33,828:      pdf_renderer.py:  470: printSegment: import matplotlib.pyplot as plt
   DEBUG: 2026-04-04 01:02:33,829:      pdf_renderer.py:  470: printSegment: x = [1, 2, 3, 4, 5]
   DEBUG: 2026-04-04 01:02:33,829:      pdf_renderer.py:  470: printSegment: y = [10, 20, 25, 30, 40]
   DEBUG: 2026-04-04 01:02:33,830:      pdf_renderer.py:  470: printSegment: plt.figure(figsize=(8, 5))
   DEBUG: 2026-04-04 01:02:33,831:      pdf_renderer.py:  470: printSegment: plt.plot(x, y, marker='o', color='blue', linestyle='-')
   DEBUG: 2026-04-04 01:02:33,831:      pdf_renderer.py:  470: printSegment: plt.title('Line Chart')
   DEBUG: 2026-04-04 01:02:33,832:      pdf_renderer.py:  470: printSegment: plt.xlabel('X-Axis')
   DEBUG: 2026-04-04 01:02:33,833:      pdf_renderer.py:  470: printSegment: plt.ylabel('Y-Axis')
   DEBUG: 2026-04-04 01:02:33,833:      pdf_renderer.py:  470: printSegment: plt.grid(True)
   DEBUG: 2026-04-04 01:02:33,834:      pdf_renderer.py:  470: printSegment: plt.show()
   DEBUG: 2026-04-04 01:02:33,835:      pdf_renderer.py:  470: printSegment: Bar Chart:
   DEBUG: 2026-04-04 01:02:33,835:      pdf_renderer.py:  470: printSegment: categories = ['CSE', 'ECE', 'ME']
   DEBUG: 2026-04-04 01:02:33,836:      pdf_renderer.py:  470: printSegment: values = [85, 78, 72]
   DEBUG: 2026-04-04 01:02:33,837:      pdf_renderer.py:  470: printSegment: plt.bar(categories, values, color=['green', 'blue', 'red'])
   DEBUG: 2026-04-04 01:02:33,838:      pdf_renderer.py:  470: printSegment: plt.title('Average Marks by Department')
   DEBUG: 2026-04-04 01:02:33,838:      pdf_renderer.py:  470: printSegment: plt.show()
   DEBUG: 2026-04-04 01:02:33,839:      pdf_renderer.py:  470: printSegment: Histogram (Distribution):
   DEBUG: 2026-04-04 01:02:33,840:      pdf_renderer.py:  470: printSegment: data = np.random.normal(50, 10, 500)
   DEBUG: 2026-04-04 01:02:33,841:      pdf_renderer.py:  470: printSegment: plt.hist(data, bins=20, color='steelblue', edgecolor='black',
   DEBUG: 2026-04-04 01:02:33,842:      pdf_renderer.py:  470: printSegment: alpha=0.7)
   DEBUG: 2026-04-04 01:02:33,842:      pdf_renderer.py:  470: printSegment: plt.title('Score Distribution')
   DEBUG: 2026-04-04 01:02:33,843:      pdf_renderer.py:  470: printSegment: plt.xlabel('Score')
   DEBUG: 2026-04-04 01:02:33,843:      pdf_renderer.py:  470: printSegment: plt.ylabel('Frequency')
   DEBUG: 2026-04-04 01:02:33,844:      pdf_renderer.py:  470: printSegment: plt.show()
   DEBUG: 2026-04-04 01:02:33,844:      pdf_renderer.py:  470: printSegment: Scatter Plot (Correlation):
   DEBUG: 2026-04-04 01:02:33,845:      pdf_renderer.py:  470: printSegment: plt.scatter(df['Hours'], df['Marks'], color='coral', alpha=0.6)
   DEBUG: 2026-04-04 01:02:33,846:      pdf_renderer.py:  470: printSegment: plt.title('Study Hours vs Marks')
   DEBUG: 2026-04-04 01:02:33,847:      pdf_renderer.py:  470: printSegment: plt.xlabel('Study Hours')
   DEBUG: 2026-04-04 01:02:33,847:      pdf_renderer.py:  470: printSegment: plt.ylabel('Marks')
   DEBUG: 2026-04-04 01:02:33,848:      pdf_renderer.py:  470: printSegment: plt.show()
   DEBUG: 2026-04-04 01:02:33,848:      pdf_renderer.py:  470: printSegment: Pie Chart:
   DEBUG: 2026-04-04 01:02:33,849:      pdf_renderer.py:  470: printSegment: labels = ['CSE', 'ECE', 'ME', 'CE']
   DEBUG: 2026-04-04 01:02:33,849:      pdf_renderer.py:  470: printSegment: sizes = [40, 25, 20, 15]
   DEBUG: 2026-04-04 01:02:33,850:      pdf_renderer.py:  470: printSegment: plt.pie(sizes, labels=labels, autopct='%1.1f%%')
   DEBUG: 2026-04-04 01:02:33,851:      pdf_renderer.py:  470: printSegment: plt.title('Department Distribution')
   DEBUG: 2026-04-04 01:02:33,851:      pdf_renderer.py:  470: printSegment: plt.show()
   DEBUG: 2026-04-04 01:02:33,852:      pdf_renderer.py:  470: printSegment: Subplots (Multiple Charts):
   DEBUG: 2026-04-04 01:02:33,853:      pdf_renderer.py:  470: printSegment: fig, axes = plt.subplots(1, 2, figsize=(12, 5))
   DEBUG: 2026-04-04 01:02:33,853:      pdf_renderer.py:  470: printSegment: axes[0].bar(categories, values)
   DEBUG: 2026-04-04 01:02:33,854:      pdf_renderer.py:  470: printSegment: axes[0].set_title('Bar Chart')
   DEBUG: 2026-04-04 01:02:33,855:      pdf_renderer.py:  470: printSegment: axes[1].hist(data, bins=15)
   DEBUG: 2026-04-04 01:02:33,855:      pdf_renderer.py:  470: printSegment: axes[1].set_title('Histogram')
   DEBUG: 2026-04-04 01:02:33,856:      pdf_renderer.py:  470: printSegment: plt.tight_layout()
   DEBUG: 2026-04-04 01:02:33,856:      pdf_renderer.py:  470: printSegment: plt.show()
   DEBUG: 2026-04-04 01:02:33,857:      pdf_renderer.py:  470: printSegment: When to Use Each Chart:
   DEBUG: 2026-04-04 01:02:33,858:      pdf_renderer.py:  470: printSegment: | Chart | Best for | Example |
   DEBUG: 2026-04-04 01:02:33,859:      pdf_renderer.py:  470: printSegment:  
   DEBUG: 2026-04-04 01:02:33,859:      pdf_renderer.py:  470: printSegment: | :--- | :--- | :--- |
   DEBUG: 2026-04-04 01:02:33,860:      pdf_renderer.py:  470: printSegment:  
   DEBUG: 2026-04-04 01:02:33,860:      pdf_renderer.py:  470: printSegment: | 
   DEBUG: 2026-04-04 01:02:33,861:      pdf_renderer.py:  470: printSegment: Line
   DEBUG: 2026-04-04 01:02:33,862:      pdf_renderer.py:  470: printSegment:  | Trends over time | Stock price over months |
   DEBUG: 2026-04-04 01:02:33,862:      pdf_renderer.py:  470: printSegment:  
   DEBUG: 2026-04-04 01:02:33,863:      pdf_renderer.py:  470: printSegment: | 
   DEBUG: 2026-04-04 01:02:33,864:      pdf_renderer.py:  470: printSegment: Bar
   DEBUG: 2026-04-04 01:02:33,865:      pdf_renderer.py:  470: printSegment:  | Comparing
   DEBUG: 2026-04-04 01:02:33,866:      pdf_renderer.py:  470: printSegment: categories | Sales by region |
   DEBUG: 2026-04-04 01:02:33,866:      pdf_renderer.py:  470: printSegment:  
   DEBUG: 2026-04-04 01:02:33,867:      pdf_renderer.py:  470: printSegment: | 
   DEBUG: 2026-04-04 01:02:33,867:      pdf_renderer.py:  470: printSegment: Histogram
   DEBUG: 2026-04-04 01:02:33,868:      pdf_renderer.py:  470: printSegment:  | Distribution of one variable | Age distribution |
   DEBUG: 2026-04-04 01:02:33,869:      pdf_renderer.py:  470: printSegment:  
   DEBUG: 2026-04-04 01:02:33,869:      pdf_renderer.py:  470: printSegment: | 
   DEBUG: 2026-04-04 01:02:33,870:      pdf_renderer.py:  470: printSegment: Scatter
   DEBUG: 2026-04-04 01:02:33,872:      pdf_renderer.py:  470: printSegment:  | Relationship
   DEBUG: 2026-04-04 01:02:33,872:      pdf_renderer.py:  470: printSegment: between 2 variables | Height vs Weight |
   DEBUG: 2026-04-04 01:02:33,873:      pdf_renderer.py:  470: printSegment:  
   DEBUG: 2026-04-04 01:02:33,873:      pdf_renderer.py:  470: printSegment: | 
   DEBUG: 2026-04-04 01:02:33,874:      pdf_renderer.py:  470: printSegment: Pie
   DEBUG: 2026-04-04 01:02:33,875:      pdf_renderer.py:  470: printSegment:  | Proportions of a whole | Market share |
   DEBUG: 2026-04-04 01:02:33,875:      pdf_renderer.py:  470: printSegment:  
   DEBUG: 2026-04-04 01:02:33,876:      pdf_renderer.py:  470: printSegment: | 
   DEBUG: 2026-04-04 01:02:33,877:      pdf_renderer.py:  470: printSegment: Boxplot
   DEBUG: 2026-04-04 01:02:33,878:      pdf_renderer.py:  470: printSegment:  | Spread, median,
   DEBUG: 2026-04-04 01:02:33,879:      pdf_renderer.py:  470: printSegment: outliers | Salary distribution by dept |
   DEBUG: 2026-04-04 01:02:33,880:      pdf_renderer.py:  470: printSegment: 3.5 Seaborn — Statistical Visualization
   DEBUG: 2026-04-04 01:02:33,881:      pdf_renderer.py:  470: printSegment: Seaborn is built on Matplotlib and provides 
   DEBUG: 2026-04-04 01:02:33,882:      pdf_renderer.py:  470: printSegment: high-level, beautiful, statistical plots
   DEBUG: 2026-04-04 01:02:33,883:      pdf_renderer.py:  470: printSegment:  with less code.
   DEBUG: 2026-04-04 01:02:33,884:      pdf_renderer.py:  470: printSegment: Key Difference from Matplotlib:
   DEBUG: 2026-04-04 01:02:33,884:      pdf_renderer.py:  470: printSegment: l
   DEBUG: 2026-04-04 01:02:33,885:      pdf_renderer.py:  470: printSegment: Seaborn works directly with Pandas DataFrames.
   DEBUG: 2026-04-04 01:02:33,886:      pdf_renderer.py:  470: printSegment: l
   DEBUG: 2026-04-04 01:02:33,887:      pdf_renderer.py:  470: printSegment: Has built-in themes and color palettes.
   DEBUG: 2026-04-04 01:02:33,887:      pdf_renderer.py:  470: printSegment: l
   DEBUG: 2026-04-04 01:02:33,888:      pdf_renderer.py:  470: printSegment: Statistical plots (boxplot, violin, heatmap) are much easier.
   DEBUG: 2026-04-04 01:02:33,889:      pdf_renderer.py:  470: printSegment: Boxplot:
   DEBUG: 2026-04-04 01:02:33,890:      pdf_renderer.py:  470: printSegment: import seaborn as sns
   DEBUG: 2026-04-04 01:02:33,891:      pdf_renderer.py:  470: printSegment: sns.boxplot(x='Department', y='Salary', data=df, palette='Set2')
   DEBUG: 2026-04-04 01:02:33,891:      pdf_renderer.py:  470: printSegment: plt.title('Salary by Department')
   DEBUG: 2026-04-04 01:02:33,892:      pdf_renderer.py:  470: printSegment: plt.show()
   DEBUG: 2026-04-04 01:02:33,892:      pdf_renderer.py:  470: printSegment: Reading a Boxplot:
   DEBUG: 2026-04-04 01:02:33,893:      pdf_renderer.py:  470: printSegment: l
   DEBUG: 2026-04-04 01:02:33,894:      pdf_renderer.py:  470: printSegment: Box:
   DEBUG: 2026-04-04 01:02:33,894:      pdf_renderer.py:  470: printSegment:  Q1 to Q3 (middle 50%).
   DEBUG: 2026-04-04 01:02:33,895:      pdf_renderer.py:  470: printSegment: l
   DEBUG: 2026-04-04 01:02:33,896:      pdf_renderer.py:  470: printSegment: Line inside box:
   DEBUG: 2026-04-04 01:02:33,896:      pdf_renderer.py:  470: printSegment:  Median (Q2).
   DEBUG: 2026-04-04 01:02:33,897:      pdf_renderer.py:  470: printSegment: l
   DEBUG: 2026-04-04 01:02:33,897:      pdf_renderer.py:  470: printSegment: Whiskers:
   DEBUG: 2026-04-04 01:02:33,898:      pdf_renderer.py:  470: printSegment:  Extend to 1.5×IQR from box.
   DEBUG: 2026-04-04 01:02:33,898:      pdf_renderer.py:  470: printSegment: l
   DEBUG: 2026-04-04 01:02:33,899:      pdf_renderer.py:  470: printSegment: Dots beyond whiskers:
   DEBUG: 2026-04-04 01:02:33,900:      pdf_renderer.py:  470: printSegment:  Outliers.
   DEBUG: 2026-04-04 01:02:33,900:      pdf_renderer.py:  470: printSegment: Heatmap (Correlation Matrix):
   DEBUG: 2026-04-04 01:02:33,901:      pdf_renderer.py:  470: printSegment: correlation = df.corr()
   DEBUG: 2026-04-04 01:02:33,902:      pdf_renderer.py:  470: printSegment: sns.heatmap(correlation, annot=True, cmap='coolwarm', fmt='.2f')
   DEBUG: 2026-04-04 01:02:33,902:      pdf_renderer.py:  470: printSegment: plt.title('Correlation Heatmap')
   DEBUG: 2026-04-04 01:02:33,903:      pdf_renderer.py:  470: printSegment: plt.show()
   DEBUG: 2026-04-04 01:02:33,904:      pdf_renderer.py:  470: printSegment: Histogram with KDE:
   DEBUG: 2026-04-04 01:02:33,904:      pdf_renderer.py:  470: printSegment: sns.histplot(df['Marks'], kde=True, color='teal')
   DEBUG: 2026-04-04 01:02:33,905:      pdf_renderer.py:  470: printSegment: plt.title('Marks Distribution')
   DEBUG: 2026-04-04 01:02:33,906:      pdf_renderer.py:  470: printSegment: plt.show()
   DEBUG: 2026-04-04 01:02:33,906:      pdf_renderer.py:  470: printSegment: Violin Plot:
   DEBUG: 2026-04-04 01:02:33,907:      pdf_renderer.py:  470: printSegment: sns.violinplot(x='Department', y='Salary', data=df,
   DEBUG: 2026-04-04 01:02:33,908:      pdf_renderer.py:  470: printSegment: palette='muted')
   DEBUG: 2026-04-04 01:02:33,909:      pdf_renderer.py:  470: printSegment: plt.title('Salary Violin Plot')
   DEBUG: 2026-04-04 01:02:33,909:      pdf_renderer.py:  470: printSegment: plt.show()
   DEBUG: 2026-04-04 01:02:33,910:      pdf_renderer.py:  470: printSegment: l
   DEBUG: 2026-04-04 01:02:33,911:      pdf_renderer.py:  470: printSegment: Combines boxplot + KDE (density estimation).
   DEBUG: 2026-04-04 01:02:33,911:      pdf_renderer.py:  470: printSegment: l
   DEBUG: 2026-04-04 01:02:33,912:      pdf_renderer.py:  470: printSegment: Shows the full distribution shape, not just summary statistics.
   DEBUG: 2026-04-04 01:02:33,913:      pdf_renderer.py:  470: printSegment: Pair Plot:
   DEBUG: 2026-04-04 01:02:33,914:      pdf_renderer.py:  470: printSegment: sns.pairplot(df[['Age', 'Salary', 'Rating']], diag_kind='kde')
   DEBUG: 2026-04-04 01:02:33,914:      pdf_renderer.py:  470: printSegment: plt.show()
   DEBUG: 2026-04-04 01:02:33,915:      pdf_renderer.py:  470: printSegment: l
   DEBUG: 2026-04-04 01:02:33,916:      pdf_renderer.py:  470: printSegment: Shows scatter plots for every pair of variables.
   DEBUG: 2026-04-04 01:02:33,916:      pdf_renderer.py:  470: printSegment: l
   DEBUG: 2026-04-04 01:02:33,917:      pdf_renderer.py:  470: printSegment: Diagonal shows distribution of each variable.
   DEBUG: 2026-04-04 01:02:33,918:      pdf_renderer.py:  470: printSegment: l
   DEBUG: 2026-04-04 01:02:33,918:      pdf_renderer.py:  470: printSegment: Great for spotting correlations quickly.
   DEBUG: 2026-04-04 01:02:33,919:      pdf_renderer.py:  470: printSegment: Count Plot:
   DEBUG: 2026-04-04 01:02:33,920:      pdf_renderer.py:  470: printSegment: sns.countplot(x='Department', hue='Gender', data=df)
   DEBUG: 2026-04-04 01:02:33,921:      pdf_renderer.py:  470: printSegment: plt.title('Gender Distribution per Department')
   DEBUG: 2026-04-04 01:02:33,922:      pdf_renderer.py:  470: printSegment: plt.show()
   DEBUG: 2026-04-04 01:02:33,923:      pdf_renderer.py:  470: printSegment: 3.6 Folium — Spatial Visualization
   DEBUG: 2026-04-04 01:02:33,923:      pdf_renderer.py:  470: printSegment: Folium creates 
   DEBUG: 2026-04-04 01:02:33,924:      pdf_renderer.py:  470: printSegment: interactive maps
   DEBUG: 2026-04-04 01:02:33,925:      pdf_renderer.py:  470: printSegment:  in Python using Leaflet.js.
   DEBUG: 2026-04-04 01:02:33,926:      pdf_renderer.py:  470: printSegment: Basic Map:
   DEBUG: 2026-04-04 01:02:33,926:      pdf_renderer.py:  470: printSegment: import folium
   DEBUG: 2026-04-04 01:02:33,927:      pdf_renderer.py:  470: printSegment: m = folium.Map(location=[28.6139, 77.2090], zoom_start=12)
   DEBUG: 2026-04-04 01:02:33,928:      pdf_renderer.py:  470: printSegment: m.save('map.html')
   DEBUG: 2026-04-04 01:02:33,928:      pdf_renderer.py:  470: printSegment: Add Markers:
   DEBUG: 2026-04-04 01:02:33,929:      pdf_renderer.py:  470: printSegment: folium.Marker(
   DEBUG: 2026-04-04 01:02:33,930:      pdf_renderer.py:  470: printSegment:     location=[28.6139, 77.2090],
   DEBUG: 2026-04-04 01:02:33,930:      pdf_renderer.py:  470: printSegment:     popup='New Delhi',
   DEBUG: 2026-04-04 01:02:33,931:      pdf_renderer.py:  470: printSegment:     tooltip='Click for details',
   DEBUG: 2026-04-04 01:02:33,932:      pdf_renderer.py:  470: printSegment:     icon=folium.Icon(color='red', icon='info-sign')
   DEBUG: 2026-04-04 01:02:33,932:      pdf_renderer.py:  470: printSegment: ).add_to(m)
   DEBUG: 2026-04-04 01:02:33,933:      pdf_renderer.py:  470: printSegment: Circle Markers (proportional to data):
   DEBUG: 2026-04-04 01:02:33,934:      pdf_renderer.py:  470: printSegment: folium.CircleMarker(
   DEBUG: 2026-04-04 01:02:33,935:      pdf_renderer.py:  470: printSegment:     location=[28.6139, 77.2090],
   DEBUG: 2026-04-04 01:02:33,935:      pdf_renderer.py:  470: printSegment:     radius=30,  # proportional to population
   DEBUG: 2026-04-04 01:02:33,936:      pdf_renderer.py:  470: printSegment:     color='blue',
   DEBUG: 2026-04-04 01:02:33,937:      pdf_renderer.py:  470: printSegment:     fill=True,
   DEBUG: 2026-04-04 01:02:33,937:      pdf_renderer.py:  470: printSegment:     fill_opacity=0.5
   DEBUG: 2026-04-04 01:02:33,938:      pdf_renderer.py:  470: printSegment: ).add_to(m)
   DEBUG: 2026-04-04 01:02:33,939:      pdf_renderer.py:  470: printSegment: Marker Clustering (for many points):
   DEBUG: 2026-04-04 01:02:33,939:      pdf_renderer.py:  470: printSegment: from folium.plugins import MarkerCluster
   DEBUG: 2026-04-04 01:02:33,940:      pdf_renderer.py:  470: printSegment: mc = MarkerCluster().add_to(m)
   DEBUG: 2026-04-04 01:02:33,941:      pdf_renderer.py:  470: printSegment: folium.Marker([lat, lon]).add_to(mc)
   DEBUG: 2026-04-04 01:02:33,942:      pdf_renderer.py:  470: printSegment: 🔷 BONUS: ADVANCED CONCEPTS (From Question Papers)
   DEBUG: 2026-04-04 01:02:33,943:      pdf_renderer.py:  470: printSegment: B.1 Association Rule Mining
   DEBUG: 2026-04-04 01:02:33,944:      pdf_renderer.py:  470: printSegment: Used to find relationships like 
   DEBUG: 2026-04-04 01:02:33,944:      pdf_renderer.py:  470: printSegment: "
   DEBUG: 2026-04-04 01:02:33,945:      pdf_renderer.py:  470: printSegment: customers who buy X also buy Y.
   DEBUG: 2026-04-04 01:02:33,946:      pdf_renderer.py:  470: printSegment: "
   DEBUG: 2026-04-04 01:02:33,946:      pdf_renderer.py:  470: printSegment: Key Metrics:
   DEBUG: 2026-04-04 01:02:33,947:      pdf_renderer.py:  470: printSegment: | Metric | Formula | Meaning |
   DEBUG: 2026-04-04 01:02:33,948:      pdf_renderer.py:  470: printSegment:  
   DEBUG: 2026-04-04 01:02:33,948:      pdf_renderer.py:  470: printSegment: | :--- | :--- | :--- |
   DEBUG: 2026-04-04 01:02:33,949:      pdf_renderer.py:  470: printSegment:  
   DEBUG: 2026-04-04 01:02:33,949:      pdf_renderer.py:  470: printSegment: | 
   DEBUG: 2026-04-04 01:02:33,950:      pdf_renderer.py:  470: printSegment: Support
   DEBUG: 2026-04-04 01:02:33,951:      pdf_renderer.py:  470: printSegment:  | freq(A∩B) / N | How often A and B appear together |
   DEBUG: 2026-04-04 01:02:33,952:      pdf_renderer.py:  470: printSegment:  
   DEBUG: 2026-04-04 01:02:33,952:      pdf_renderer.py:  470: printSegment: | 
   DEBUG: 2026-04-04 01:02:33,953:      pdf_renderer.py:  470: printSegment: Confidence
   DEBUG: 2026-04-04 01:02:33,954:      pdf_renderer.py:  470: printSegment:  | freq(A∩B) / freq(A) | Probability of B given A was bought |
   DEBUG: 2026-04-04 01:02:33,954:      pdf_renderer.py:  470: printSegment:  
   DEBUG: 2026-04-04 01:02:33,955:      pdf_renderer.py:  470: printSegment: | 
   DEBUG: 2026-04-04 01:02:33,955:      pdf_renderer.py:  470: printSegment: Lift
   DEBUG: 2026-04-04 01:02:33,957:      pdf_renderer.py:  470: printSegment:  | Confidence / Support(B) |
   DEBUG: 2026-04-04 01:02:33,958:      pdf_renderer.py:  470: printSegment: Improvement over random chance |
   DEBUG: 2026-04-04 01:02:33,959:      pdf_renderer.py:  470: printSegment: l
   DEBUG: 2026-04-04 01:02:33,959:      pdf_renderer.py:  470: printSegment: Lift > 1:
   DEBUG: 2026-04-04 01:02:33,960:      pdf_renderer.py:  470: printSegment:  A and B are positively associated.
   DEBUG: 2026-04-04 01:02:33,961:      pdf_renderer.py:  470: printSegment: l
   DEBUG: 2026-04-04 01:02:33,961:      pdf_renderer.py:  470: printSegment: Lift = 1:
   DEBUG: 2026-04-04 01:02:33,962:      pdf_renderer.py:  470: printSegment:  Independent.
   DEBUG: 2026-04-04 01:02:33,962:      pdf_renderer.py:  470: printSegment: l
   DEBUG: 2026-04-04 01:02:33,963:      pdf_renderer.py:  470: printSegment: Lift 
   DEBUG: 2026-04-04 01:02:33,963:      pdf_renderer.py:  470: printSegment: <
   DEBUG: 2026-04-04 01:02:33,964:      pdf_renderer.py:  470: printSegment:  1:
   DEBUG: 2026-04-04 01:02:33,964:      pdf_renderer.py:  470: printSegment:  Negatively associated.
   DEBUG: 2026-04-04 01:02:33,965:      pdf_renderer.py:  470: printSegment: B.2 Data Governance Framework
   DEBUG: 2026-04-04 01:02:33,966:      pdf_renderer.py:  470: printSegment: A framework for managing data across an organization:
   DEBUG: 2026-04-04 01:02:33,967:      pdf_renderer.py:  470: printSegment: | Layer | What it covers |
   DEBUG: 2026-04-04 01:02:33,967:      pdf_renderer.py:  470: printSegment:  
   DEBUG: 2026-04-04 01:02:33,968:      pdf_renderer.py:  470: printSegment: | :--- | :--- |
   DEBUG: 2026-04-04 01:02:33,968:      pdf_renderer.py:  470: printSegment:  
   DEBUG: 2026-04-04 01:02:33,969:      pdf_renderer.py:  470: printSegment: | 
   DEBUG: 2026-04-04 01:02:33,970:      pdf_renderer.py:  470: printSegment: Policy
   DEBUG: 2026-04-04 01:02:33,971:      pdf_renderer.py:  470: printSegment:  | Data classification, retention, access control, privacy policies |
   DEBUG: 2026-04-04 01:02:33,971:      pdf_renderer.py:  470: printSegment:  
   DEBUG: 2026-04-04 01:02:33,972:      pdf_renderer.py:  470: printSegment: | 
   DEBUG: 2026-04-04 01:02:33,972:      pdf_renderer.py:  470: printSegment: Process
   DEBUG: 2026-04-04 01:02:33,973:      pdf_renderer.py:  470: printSegment:  | Data cataloging, quality monitoring, change management, auditing |
   DEBUG: 2026-04-04 01:02:33,974:      pdf_renderer.py:  470: printSegment:  
   DEBUG: 2026-04-04 01:02:33,974:      pdf_renderer.py:  470: printSegment: | 
   DEBUG: 2026-04-04 01:02:33,975:      pdf_renderer.py:  470: printSegment: Technology
   DEBUG: 2026-04-04 01:02:33,976:      pdf_renderer.py:  470: printSegment:  | Encryption, data lakes,
   DEBUG: 2026-04-04 01:02:33,977:      pdf_renderer.py:  470: printSegment: monitoring tools, version control |
   DEBUG: 2026-04-04 01:02:33,977:      pdf_renderer.py:  470: printSegment:  
   DEBUG: 2026-04-04 01:02:33,978:      pdf_renderer.py:  470: printSegment: | 
   DEBUG: 2026-04-04 01:02:33,978:      pdf_renderer.py:  470: printSegment: People
   DEBUG: 2026-04-04 01:02:33,979:      pdf_renderer.py:  470: printSegment:  | Data stewards, training, ethics boards |
   DEBUG: 2026-04-04 01:02:33,980:      pdf_renderer.py:  470: printSegment:  
   DEBUG: 2026-04-04 01:02:33,980:      pdf_renderer.py:  470: printSegment: | 
   DEBUG: 2026-04-04 01:02:33,981:      pdf_renderer.py:  470: printSegment: Compliance
   DEBUG: 2026-04-04 01:02:33,982:      pdf_renderer.py:  470: printSegment:  | GDPR, DPDP
   DEBUG: 2026-04-04 01:02:33,983:      pdf_renderer.py:  470: printSegment: Act, RBI guidelines, SEBI regulations |
   DEBUG: 2026-04-04 01:02:33,984:      pdf_renderer.py:  470: printSegment: B.3 Data Drift and Concept Drift
   DEBUG: 2026-04-04 01:02:33,985:      pdf_renderer.py:  470: printSegment: Data Drift:
   DEBUG: 2026-04-04 01:02:33,986:      pdf_renderer.py:  470: printSegment:  Input data distribution changes, but the relationship between features and target stays the same.
   DEBUG: 2026-04-04 01:02:33,986:      pdf_renderer.py:  470: printSegment: l
   DEBUG: 2026-04-04 01:02:33,988:      pdf_renderer.py:  470: printSegment: Example: A model trained on pre-COVID spending patterns sees very different spending after
   DEBUG: 2026-04-04 01:02:33,988:      pdf_renderer.py:  470: printSegment: COVID.
   DEBUG: 2026-04-04 01:02:33,989:      pdf_renderer.py:  470: printSegment: Concept Drift:
   DEBUG: 2026-04-04 01:02:33,990:      pdf_renderer.py:  470: printSegment:  The actual relationship between features and target changes.
   DEBUG: 2026-04-04 01:02:33,990:      pdf_renderer.py:  470: printSegment: l
   DEBUG: 2026-04-04 01:02:33,991:      pdf_renderer.py:  470: printSegment: Example: What customers consider 
   DEBUG: 2026-04-04 01:02:33,992:      pdf_renderer.py:  470: printSegment: "
   DEBUG: 2026-04-04 01:02:33,992:      pdf_renderer.py:  470: printSegment: fast delivery
   DEBUG: 2026-04-04 01:02:33,993:      pdf_renderer.py:  470: printSegment: "
   DEBUG: 2026-04-04 01:02:33,994:      pdf_renderer.py:  470: printSegment:  changes from 3 days (2019) to same-day (2025).
   DEBUG: 2026-04-04 01:02:33,995:      pdf_renderer.py:  470: printSegment: Both cause model performance to degrade over time → need monitoring and retraining.
   DEBUG: 2026-04-04 01:02:33,996:      pdf_renderer.py:  470: printSegment: B.4 The Curse of Dimensionality
   DEBUG: 2026-04-04 01:02:33,997:      pdf_renderer.py:  470: printSegment: As the number of features increases:
   DEBUG: 2026-04-04 01:02:33,997:      pdf_renderer.py:  470: printSegment: l
   DEBUG: 2026-04-04 01:02:33,998:      pdf_renderer.py:  470: printSegment: Data becomes increasingly 
   DEBUG: 2026-04-04 01:02:33,999:      pdf_renderer.py:  470: printSegment: sparse
   DEBUG: 2026-04-04 01:02:33,999:      pdf_renderer.py:  470: printSegment:  (points are far apart in high dimensions).
   DEBUG: 2026-04-04 01:02:34,000:      pdf_renderer.py:  470: printSegment: l
   DEBUG: 2026-04-04 01:02:34,001:      pdf_renderer.py:  470: printSegment: All distances converge
   DEBUG: 2026-04-04 01:02:34,002:      pdf_renderer.py:  470: printSegment:  — nearest and farthest points become equidistant.
   DEBUG: 2026-04-04 01:02:34,002:      pdf_renderer.py:  470: printSegment: l
   DEBUG: 2026-04-04 01:02:34,003:      pdf_renderer.py:  470: printSegment: Models like k-NN and K-Means (which rely on distance) break down.
   DEBUG: 2026-04-04 01:02:34,004:      pdf_renderer.py:  470: printSegment: l
   DEBUG: 2026-04-04 01:02:34,005:      pdf_renderer.py:  470: printSegment: Solution:
   DEBUG: 2026-04-04 01:02:34,005:      pdf_renderer.py:  470: printSegment:  Reduce dimensions using PCA or feature selection.
   DEBUG: 2026-04-04 01:02:34,007:      pdf_renderer.py:  470: printSegment: B.5 Interpretability vs Accuracy Trade-off
   DEBUG: 2026-04-04 01:02:34,008:      pdf_renderer.py:  470: printSegment: Simple models (Linear Regression) = Easy to understand but less accurate.
   DEBUG: 2026-04-04 01:02:34,008:      pdf_renderer.py:  470: printSegment:  
   DEBUG: 2026-04-04 01:02:34,010:      pdf_renderer.py:  470: printSegment: Complex models (Deep Learning) =
   DEBUG: 2026-04-04 01:02:34,011:      pdf_renderer.py:  470: printSegment: Highly accurate but 
   DEBUG: 2026-04-04 01:02:34,011:      pdf_renderer.py:  470: printSegment: "
   DEBUG: 2026-04-04 01:02:34,012:      pdf_renderer.py:  470: printSegment: black box.
   DEBUG: 2026-04-04 01:02:34,013:      pdf_renderer.py:  470: printSegment: "
   DEBUG: 2026-04-04 01:02:34,013:      pdf_renderer.py:  470: printSegment: When to choose simple:
   DEBUG: 2026-04-04 01:02:34,014:      pdf_renderer.py:  470: printSegment:  Regulated industries (banking, healthcare), need to explain decisions.
   DEBUG: 2026-04-04 01:02:34,015:      pdf_renderer.py:  470: printSegment:  
   DEBUG: 2026-04-04 01:02:34,016:      pdf_renderer.py:  470: printSegment: When complex is
   DEBUG: 2026-04-04 01:02:34,016:      pdf_renderer.py:  470: printSegment: OK:
   DEBUG: 2026-04-04 01:02:34,017:      pdf_renderer.py:  470: printSegment:  Image recognition, NLP, when accuracy gap is large.
   DEBUG: 2026-04-04 01:02:34,018:      pdf_renderer.py:  470: printSegment:  
   DEBUG: 2026-04-04 01:02:34,019:      pdf_renderer.py:  470: printSegment: Tools for explaining complex models:
   DEBUG: 2026-04-04 01:02:34,020:      pdf_renderer.py:  470: printSegment:  LIME, SHAP.
   DEBUG: 2026-04-04 01:02:34,021:      pdf_renderer.py:  470: printSegment: 📝 Quick Revision — Key Formulas
   DEBUG: 2026-04-04 01:02:34,022:      pdf_renderer.py:  470: printSegment: | Concept | Formula |
   DEBUG: 2026-04-04 01:02:34,022:      pdf_renderer.py:  470: printSegment:  
   DEBUG: 2026-04-04 01:02:34,023:      pdf_renderer.py:  470: printSegment: | :--- | :--- |
   DEBUG: 2026-04-04 01:02:34,024:      pdf_renderer.py:  470: printSegment:  
   DEBUG: 2026-04-04 01:02:34,024:      pdf_renderer.py:  470: printSegment: | Mean | μ = Σxᵢ / N |
   DEBUG: 2026-04-04 01:02:34,025:      pdf_renderer.py:  470: printSegment:  
   DEBUG: 2026-04-04 01:02:34,026:      pdf_renderer.py:  470: printSegment: | Variance | σ² = Σ(xᵢ−μ)² / N |
   DEBUG: 2026-04-04 01:02:34,027:      pdf_renderer.py:  470: printSegment:  
   DEBUG: 2026-04-04 01:02:34,027:      pdf_renderer.py:  470: printSegment: | Std Deviation | σ = √(Variance) |
   DEBUG: 2026-04-04 01:02:34,028:      pdf_renderer.py:  470: printSegment:  
   DEBUG: 2026-04-04 01:02:34,029:      pdf_renderer.py:  470: printSegment: | IQR | Q3 − Q1 |
   DEBUG: 2026-04-04 01:02:34,030:      pdf_renderer.py:  470: printSegment: | Outlier (IQR) | x 
   DEBUG: 2026-04-04 01:02:34,031:      pdf_renderer.py:  470: printSegment: <
   DEBUG: 2026-04-04 01:02:34,031:      pdf_renderer.py:  470: printSegment:  Q1−1.5×IQR or x > Q3+1.5×IQR |
   DEBUG: 2026-04-04 01:02:34,032:      pdf_renderer.py:  470: printSegment:  
   DEBUG: 2026-04-04 01:02:34,033:      pdf_renderer.py:  470: printSegment: | Z-Score | Z = (X − μ) / σ |
   DEBUG: 2026-04-04 01:02:34,034:      pdf_renderer.py:  470: printSegment:  
   DEBUG: 2026-04-04 01:02:34,034:      pdf_renderer.py:  470: printSegment: | Min-Max | (X − Xmin) / (Xmax − Xmin) |
   DEBUG: 2026-04-04 01:02:34,035:      pdf_renderer.py:  470: printSegment:  
   DEBUG: 2026-04-04 01:02:34,036:      pdf_renderer.py:  470: printSegment: |
   DEBUG: 2026-04-04 01:02:34,037:      pdf_renderer.py:  470: printSegment: Pearson r | Σ(x−x̄)(y−ȳ) / √
   DEBUG: 2026-04-04 01:02:34,038:      pdf_renderer.py:  470: printSegment: [
   DEBUG: 2026-04-04 01:02:34,038:      pdf_renderer.py:  470: printSegment: Σ(x−x̄)²·Σ(y−ȳ)²
   DEBUG: 2026-04-04 01:02:34,039:      pdf_renderer.py:  470: printSegment: ]
   DEBUG: 2026-04-04 01:02:34,040:      pdf_renderer.py:  470: printSegment:  |
   DEBUG: 2026-04-04 01:02:34,040:      pdf_renderer.py:  470: printSegment:  
   DEBUG: 2026-04-04 01:02:34,041:      pdf_renderer.py:  470: printSegment: | Euclidean dist | √
   DEBUG: 2026-04-04 01:02:34,042:      pdf_renderer.py:  470: printSegment: [
   DEBUG: 2026-04-04 01:02:34,043:      pdf_renderer.py:  470: printSegment: Σ(xᵢ−yᵢ)²
   DEBUG: 2026-04-04 01:02:34,043:      pdf_renderer.py:  470: printSegment: ]
   DEBUG: 2026-04-04 01:02:34,044:      pdf_renderer.py:  470: printSegment:  |
   DEBUG: 2026-04-04 01:02:34,045:      pdf_renderer.py:  470: printSegment:  
   DEBUG: 2026-04-04 01:02:34,045:      pdf_renderer.py:  470: printSegment: | Manhattan dist | Σ|xᵢ−yᵢ| |
   DEBUG: 2026-04-04 01:02:34,046:      pdf_renderer.py:  470: printSegment:  
   DEBUG: 2026-04-04 01:02:34,047:      pdf_renderer.py:  470: printSegment: | SMC | (f₁₁+f₀₀) / (f₁₁+f₁₀+f₀₁+f₀₀) |
   DEBUG: 2026-04-04 01:02:34,048:      pdf_renderer.py:  470: printSegment:  
   DEBUG: 2026-04-04 01:02:34,049:      pdf_renderer.py:  470: printSegment: | Jaccard | f₁₁ /
   DEBUG: 2026-04-04 01:02:34,050:      pdf_renderer.py:  470: printSegment: (f₁₁+f₁₀+f₀₁) |
   DEBUG: 2026-04-04 01:02:34,050:      pdf_renderer.py:  470: printSegment:  
   DEBUG: 2026-04-04 01:02:34,051:      pdf_renderer.py:  470: printSegment: | Accuracy | (TP+TN) / Total |
   DEBUG: 2026-04-04 01:02:34,051:      pdf_renderer.py:  470: printSegment:  
   DEBUG: 2026-04-04 01:02:34,052:      pdf_renderer.py:  470: printSegment: | Precision | TP / (TP+FP) |
   DEBUG: 2026-04-04 01:02:34,052:      pdf_renderer.py:  470: printSegment:  
   DEBUG: 2026-04-04 01:02:34,053:      pdf_renderer.py:  470: printSegment: | Recall | TP / (TP+FN) |
   DEBUG: 2026-04-04 01:02:34,053:      pdf_renderer.py:  470: printSegment:  
   DEBUG: 2026-04-04 01:02:34,054:      pdf_renderer.py:  470: printSegment: | F1-Score | 2×P×R / (P+R) |
   DEBUG: 2026-04-04 01:02:34,054:      pdf_renderer.py:  470: printSegment:  
   DEBUG: 2026-04-04 01:02:34,055:      pdf_renderer.py:  470: printSegment: |
   DEBUG: 2026-04-04 01:02:34,055:      pdf_renderer.py:  470: printSegment: Support | freq(A∩B) / N |
   DEBUG: 2026-04-04 01:02:34,056:      pdf_renderer.py:  470: printSegment:  
   DEBUG: 2026-04-04 01:02:34,056:      pdf_renderer.py:  470: printSegment: | Confidence | freq(A∩B) / freq(A) |
   DEBUG: 2026-04-04 01:02:34,057:      pdf_renderer.py:  470: printSegment:  
   DEBUG: 2026-04-04 01:02:34,057:      pdf_renderer.py:  470: printSegment: | Lift | Confidence / Support(B) |
   DEBUG: 2026-04-04 01:02:34,058:      pdf_renderer.py:  470: printSegment: 📝 Quick Revision — Python Commands
   DEBUG: 2026-04-04 01:02:34,059:      pdf_renderer.py:  470: printSegment: | Task | Code |
   DEBUG: 2026-04-04 01:02:34,060:      pdf_renderer.py:  470: printSegment:  
   DEBUG: 2026-04-04 01:02:34,060:      pdf_renderer.py:  470: printSegment: | :--- | :--- |
   DEBUG: 2026-04-04 01:02:34,061:      pdf_renderer.py:  470: printSegment:  
   DEBUG: 2026-04-04 01:02:34,061:      pdf_renderer.py:  470: printSegment: | Read CSV | 
   DEBUG: 2026-04-04 01:02:34,062:      pdf_renderer.py:  470: printSegment: pd.read_csv('file.csv')
   DEBUG: 2026-04-04 01:02:34,062:      pdf_renderer.py:  470: printSegment:  |
   DEBUG: 2026-04-04 01:02:34,063:      pdf_renderer.py:  470: printSegment:  
   DEBUG: 2026-04-04 01:02:34,063:      pdf_renderer.py:  470: printSegment: | Shape | 
   DEBUG: 2026-04-04 01:02:34,064:      pdf_renderer.py:  470: printSegment: df.shape
   DEBUG: 2026-04-04 01:02:34,064:      pdf_renderer.py:  470: printSegment:  |
   DEBUG: 2026-04-04 01:02:34,065:      pdf_renderer.py:  470: printSegment:  
   DEBUG: 2026-04-04 01:02:34,066:      pdf_renderer.py:  470: printSegment: | First 5 rows | 
   DEBUG: 2026-04-04 01:02:34,066:      pdf_renderer.py:  470: printSegment: df.head()
   DEBUG: 2026-04-04 01:02:34,067:      pdf_renderer.py:  470: printSegment:  |
   DEBUG: 2026-04-04 01:02:34,067:      pdf_renderer.py:  470: printSegment:  
   DEBUG: 2026-04-04 01:02:34,068:      pdf_renderer.py:  470: printSegment: | Data types | 
   DEBUG: 2026-04-04 01:02:34,068:      pdf_renderer.py:  470: printSegment: df.dtypes
   DEBUG: 2026-04-04 01:02:34,069:      pdf_renderer.py:  470: printSegment:  |
   DEBUG: 2026-04-04 01:02:34,069:      pdf_renderer.py:  470: printSegment:  
   DEBUG: 2026-04-04 01:02:34,070:      pdf_renderer.py:  470: printSegment: | Missing values | 
   DEBUG: 2026-04-04 01:02:34,070:      pdf_renderer.py:  470: printSegment: df.isnull().sum()
   DEBUG: 2026-04-04 01:02:34,071:      pdf_renderer.py:  470: printSegment:  |
   DEBUG: 2026-04-04 01:02:34,071:      pdf_renderer.py:  470: printSegment:  
   DEBUG: 2026-04-04 01:02:34,072:      pdf_renderer.py:  470: printSegment: | Fill NaN mean | 
   DEBUG: 2026-04-04 01:02:34,073:      pdf_renderer.py:  470: printSegment: df['col'].fillna(df['col'].mean())
   DEBUG: 2026-04-04 01:02:34,073:      pdf_renderer.py:  470: printSegment:  |
   DEBUG: 2026-04-04 01:02:34,074:      pdf_renderer.py:  470: printSegment:  
   DEBUG: 2026-04-04 01:02:34,074:      pdf_renderer.py:  470: printSegment: | Drop NaN | 
   DEBUG: 2026-04-04 01:02:34,075:      pdf_renderer.py:  470: printSegment: df.dropna()
   DEBUG: 2026-04-04 01:02:34,075:      pdf_renderer.py:  470: printSegment:  |
   DEBUG: 2026-04-04 01:02:34,076:      pdf_renderer.py:  470: printSegment:  
   DEBUG: 2026-04-04 01:02:34,077:      pdf_renderer.py:  470: printSegment: | Drop duplicates | 
   DEBUG: 2026-04-04 01:02:34,077:      pdf_renderer.py:  470: printSegment: df.drop_duplicates()
   DEBUG: 2026-04-04 01:02:34,078:      pdf_renderer.py:  470: printSegment:  |
   DEBUG: 2026-04-04 01:02:34,078:      pdf_renderer.py:  470: printSegment:  
   DEBUG: 2026-04-04 01:02:34,079:      pdf_renderer.py:  470: printSegment: | Filter | 
   DEBUG: 2026-04-04 01:02:34,080:      pdf_renderer.py:  470: printSegment: df[df['col'] > value]
   DEBUG: 2026-04-04 01:02:34,080:      pdf_renderer.py:  470: printSegment:  |
   DEBUG: 2026-04-04 01:02:34,081:      pdf_renderer.py:  470: printSegment:  
   DEBUG: 2026-04-04 01:02:34,081:      pdf_renderer.py:  470: printSegment: | Group by | 
   DEBUG: 2026-04-04 01:02:34,082:      pdf_renderer.py:  470: printSegment: df.groupby('col')['target'].mean()
   DEBUG: 2026-04-04 01:02:34,082:      pdf_renderer.py:  470: printSegment:  |
   DEBUG: 2026-04-04 01:02:34,083:      pdf_renderer.py:  470: printSegment:  
   DEBUG: 2026-04-04 01:02:34,084:      pdf_renderer.py:  470: printSegment: | Sort | 
   DEBUG: 2026-04-04 01:02:34,084:      pdf_renderer.py:  470: printSegment: df.sort_values('col', ascending=False)
   DEBUG: 2026-04-04 01:02:34,085:      pdf_renderer.py:  470: printSegment: 
   DEBUG: 2026-04-04 01:02:34,085:      pdf_renderer.py:  470: printSegment: |
   DEBUG: 2026-04-04 01:02:34,086:      pdf_renderer.py:  470: printSegment:  
   DEBUG: 2026-04-04 01:02:34,086:      pdf_renderer.py:  470: printSegment: | New column | 
   DEBUG: 2026-04-04 01:02:34,087:      pdf_renderer.py:  470: printSegment: df['new'] = df['a'] + df['b']
   DEBUG: 2026-04-04 01:02:34,087:      pdf_renderer.py:  470: printSegment:  |
   DEBUG: 2026-04-04 01:02:34,088:      pdf_renderer.py:  470: printSegment:  
   DEBUG: 2026-04-04 01:02:34,089:      pdf_renderer.py:  470: printSegment: | Apply function | 
   DEBUG: 2026-04-04 01:02:34,089:      pdf_renderer.py:  470: printSegment: df['col'].apply(func)
   DEBUG: 2026-04-04 01:02:34,090:      pdf_renderer.py:  470: printSegment:  |
   DEBUG: 2026-04-04 01:02:34,090:      pdf_renderer.py:  470: printSegment:  
   DEBUG: 2026-04-04 01:02:34,091:      pdf_renderer.py:  470: printSegment: |
   DEBUG: 2026-04-04 01:02:34,092:      pdf_renderer.py:  470: printSegment: Save CSV | 
   DEBUG: 2026-04-04 01:02:34,092:      pdf_renderer.py:  470: printSegment: df.to_csv('out.csv', index=False)
   DEBUG: 2026-04-04 01:02:34,093:      pdf_renderer.py:  470: printSegment:  |
   DEBUG: 2026-04-04 01:02:34,093:      pdf_renderer.py:  470: printSegment:  
   DEBUG: 2026-04-04 01:02:34,094:      pdf_renderer.py:  470: printSegment: | Histogram | 
   DEBUG: 2026-04-04 01:02:34,095:      pdf_renderer.py:  470: printSegment: plt.hist(data, bins=15)
   DEBUG: 2026-04-04 01:02:34,095:      pdf_renderer.py:  470: printSegment:  |
   DEBUG: 2026-04-04 01:02:34,096:      pdf_renderer.py:  470: printSegment:  
   DEBUG: 2026-04-04 01:02:34,097:      pdf_renderer.py:  470: printSegment: |
   DEBUG: 2026-04-04 01:02:34,097:      pdf_renderer.py:  470: printSegment: Boxplot | 
   DEBUG: 2026-04-04 01:02:34,098:      pdf_renderer.py:  470: printSegment: sns.boxplot(x='cat', y='num', data=df)
   DEBUG: 2026-04-04 01:02:34,099:      pdf_renderer.py:  470: printSegment:  |
   DEBUG: 2026-04-04 01:02:34,099:      pdf_renderer.py:  470: printSegment:  
   DEBUG: 2026-04-04 01:02:34,100:      pdf_renderer.py:  470: printSegment: | Scatter | 
   DEBUG: 2026-04-04 01:02:34,100:      pdf_renderer.py:  470: printSegment: plt.scatter(x, y)
   DEBUG: 2026-04-04 01:02:34,101:      pdf_renderer.py:  470: printSegment:  |
   DEBUG: 2026-04-04 01:02:34,101:      pdf_renderer.py:  470: printSegment:  
   DEBUG: 2026-04-04 01:02:34,102:      pdf_renderer.py:  470: printSegment: | Heatmap |
   DEBUG: 2026-04-04 01:02:34,103:      pdf_renderer.py:  470: printSegment: 
   DEBUG: 2026-04-04 01:02:34,103:      pdf_renderer.py:  470: printSegment: sns.heatmap(df.corr(), annot=True)
   DEBUG: 2026-04-04 01:02:34,104:      pdf_renderer.py:  470: printSegment:  |
   DEBUG: 2026-04-04 01:02:34,104:      pdf_renderer.py:  470: printSegment:  
   DEBUG: 2026-04-04 01:02:34,105:      pdf_renderer.py:  470: printSegment: | NumPy mean | 
   DEBUG: 2026-04-04 01:02:34,106:      pdf_renderer.py:  470: printSegment: np.mean(arr)
   DEBUG: 2026-04-04 01:02:34,106:      pdf_renderer.py:  470: printSegment:  |
   DEBUG: 2026-04-04 01:02:34,107:      pdf_renderer.py:  470: printSegment:  
   DEBUG: 2026-04-04 01:02:34,107:      pdf_renderer.py:  470: printSegment: | NumPy std | 
   DEBUG: 2026-04-04 01:02:34,108:      pdf_renderer.py:  470: printSegment: np.std(arr)
   DEBUG: 2026-04-04 01:02:34,109:      pdf_renderer.py:  470: printSegment:  |
   DEBUG: 2026-04-04 01:02:34,110:      pdf_renderer.py:  470: printSegment: — End of Study Material —
   DEBUG: 2026-04-04 01:02:34,111:      pdf_renderer.py:  470: printSegment: 💡 
   DEBUG: 2026-04-04 01:02:34,235:      pdf_renderer.py:  470: printSegment: Tip:
   DEBUG: 2026-04-04 01:02:34,240:      pdf_renderer.py:  470: printSegment:  Read this material once fully, then solve the question papers. Revisit specific sections when
   DEBUG: 2026-04-04 01:02:34,241:      pdf_renderer.py:  470: printSegment: you get stuck. Good luck with your exam
   DEBUG: 2026-04-04 01:02:34,242:      pdf_renderer.py:  470: printSegment: !
   DEBUG: 2026-04-04 01:02:34,242:      pdf_renderer.py:  470: printSegment:  🎯
   DEBUG: 2026-04-04 01:02:34,243:      pdf_renderer.py:   53: 0, [1, '📘 Introduction to Data Science — Complete Study Material', 1, 68.0]
   DEBUG: 2026-04-04 01:02:34,243:      pdf_renderer.py:   53: 1, [1, '🔷 UNIT 1: INTRODUCTION TO DATA SCIENCE', 1, 154.39999999999998]
   DEBUG: 2026-04-04 01:02:34,243:      pdf_renderer.py:   53: 2, [2, '1.1 What is Data Science?', 1, 204.39999999999998]
   DEBUG: 2026-04-04 01:02:34,243:      pdf_renderer.py:   53: 3, [2, '1.2 What is Big Data?', 1, 388.0]
   DEBUG: 2026-04-04 01:02:34,243:      pdf_renderer.py:   53: 4, [3, 'The 5 V', 1, 481.2]
   DEBUG: 2026-04-04 01:02:34,243:      pdf_renderer.py:   53: 5, [3, 'Tools for Big Data:', 1, 587.9999999999999]
   DEBUG: 2026-04-04 01:02:34,243:      pdf_renderer.py:   53: 6, [2, '1.3 Evolution of Data Science', 1, 677.1999999999998]
   DEBUG: 2026-04-04 01:02:34,243:      pdf_renderer.py:   53: 7, [2, '1.4 Data Science Lifecycle', 2, 146.8]
   DEBUG: 2026-04-04 01:02:34,243:      pdf_renderer.py:   53: 8, [3, 'Each Phase Explained:', 2, 390.0]
   DEBUG: 2026-04-04 01:02:34,243:      pdf_renderer.py:   53: 9, [2, '1.5 Data Mining', 3, 212.8]
   DEBUG: 2026-04-04 01:02:34,243:      pdf_renderer.py:   53: 10, [3, 'Two Types:', 3, 264.0]
   DEBUG: 2026-04-04 01:02:34,243:      pdf_renderer.py:   53: 11, [3, 'How they work together:', 3, 346.79999999999995]
   DEBUG: 2026-04-04 01:02:34,243:      pdf_renderer.py:   53: 12, [2, '1.6 Data Science Roles', 3, 405.99999999999994]
   DEBUG: 2026-04-04 01:02:34,243:      pdf_renderer.py:   53: 13, [2, '1.7 Applications of Data Science', 3, 517.5999999999999]
   DEBUG: 2026-04-04 01:02:34,243:      pdf_renderer.py:   53: 14, [2, '1.8 Data Collection Strategies', 3, 653.1999999999998]
   DEBUG: 2026-04-04 01:02:34,243:      pdf_renderer.py:   53: 15, [3, 'Primary vs Secondary Data:', 4, 182.4]
   DEBUG: 2026-04-04 01:02:34,243:      pdf_renderer.py:   53: 16, [2, '1.9 Sources of Data', 4, 277.6]
   DEBUG: 2026-04-04 01:02:34,243:      pdf_renderer.py:   53: 17, [3, '1. Time Series Data', 4, 310.8]
   DEBUG: 2026-04-04 01:02:34,243:      pdf_renderer.py:   53: 18, [3, '2. Transactional Data', 4, 399.59999999999997]
   DEBUG: 2026-04-04 01:02:34,243:      pdf_renderer.py:   53: 19, [3, '3. Biological Data', 4, 476.3999999999999]
   DEBUG: 2026-04-04 01:02:34,243:      pdf_renderer.py:   53: 20, [3, '4. Spatial Data', 4, 553.1999999999999]
   DEBUG: 2026-04-04 01:02:34,244:      pdf_renderer.py:   53: 21, [3, '5. Social Network Data', 4, 641.9999999999999]
   DEBUG: 2026-04-04 01:02:34,244:      pdf_renderer.py:   53: 22, [3, 'Data Evolution', 5, 72.0]
   DEBUG: 2026-04-04 01:02:34,244:      pdf_renderer.py:   53: 23, [1, '🔷 UNIT 2: EXPLORATORY DATA ANALYTICS', 5, 143.6]
   DEBUG: 2026-04-04 01:02:34,244:      pdf_renderer.py:   53: 24, [2, '2.1 Data Objects and Attribute Types', 5, 193.6]
   DEBUG: 2026-04-04 01:02:34,244:      pdf_renderer.py:   53: 25, [3, 'What is a Data Object?', 5, 226.8]
   DEBUG: 2026-04-04 01:02:34,244:      pdf_renderer.py:   53: 26, [3, 'What is an Attribute?', 5, 309.6]
   DEBUG: 2026-04-04 01:02:34,244:      pdf_renderer.py:   53: 27, [3, 'Types of Attributes:', 5, 380.4]
   DEBUG: 2026-04-04 01:02:34,244:      pdf_renderer.py:   53: 28, [3, 'Detailed Breakdown:', 5, 541.1999999999999]
   DEBUG: 2026-04-04 01:02:34,244:      pdf_renderer.py:   53: 29, [2, '2.2 Basic Statistical Descriptions', 6, 344.8]
   DEBUG: 2026-04-04 01:02:34,244:      pdf_renderer.py:   53: 30, [3, 'A. Measures of Central Tendency (Where is the ', 6, 396.0]
   DEBUG: 2026-04-04 01:02:34,244:      pdf_renderer.py:   53: 31, [3, 'B. Measures of Dispersion (How ', 6, 706.8]
   DEBUG: 2026-04-04 01:02:34,244:      pdf_renderer.py:   53: 32, [3, 'Worked Example:', 7, 530.4]
   DEBUG: 2026-04-04 01:02:34,244:      pdf_renderer.py:   53: 33, [2, '2.3 Data Preprocessing', 7, 679.5999999999999]
   DEBUG: 2026-04-04 01:02:34,244:      pdf_renderer.py:   53: 34, [3, 'Why is Preprocessing Needed?', 8, 72.0]
   DEBUG: 2026-04-04 01:02:34,244:      pdf_renderer.py:   53: 35, [3, 'The Four Steps:', 8, 160.8]
   DEBUG: 2026-04-04 01:02:34,244:      pdf_renderer.py:   53: 36, [3, 'Step 1: Data Cleaning', 8, 189.60000000000002]
   DEBUG: 2026-04-04 01:02:34,244:      pdf_renderer.py:   53: 37, [3, 'Step 2: Data Integration', 9, 104.4]
   DEBUG: 2026-04-04 01:02:34,244:      pdf_renderer.py:   53: 38, [3, 'Step 3: Data Transformation', 9, 259.2]
   DEBUG: 2026-04-04 01:02:34,244:      pdf_renderer.py:   53: 39, [3, 'Step 4: Data Reduction', 10, 242.4]
   DEBUG: 2026-04-04 01:02:34,244:      pdf_renderer.py:   53: 40, [2, '2.4 Ethical Considerations in Data Science', 10, 499.6]
   DEBUG: 2026-04-04 01:02:34,244:      pdf_renderer.py:   53: 41, [3, '1. Data Privacy', 10, 532.8]
   DEBUG: 2026-04-04 01:02:34,244:      pdf_renderer.py:   53: 42, [3, '2. Algorithmic Bias', 10, 621.5999999999999]
   DEBUG: 2026-04-04 01:02:34,244:      pdf_renderer.py:   53: 43, [3, '3. Informed Consent', 11, 72.0]
   DEBUG: 2026-04-04 01:02:34,244:      pdf_renderer.py:   53: 44, [3, '4. Transparency', 11, 148.8]
   DEBUG: 2026-04-04 01:02:34,244:      pdf_renderer.py:   53: 45, [3, '5. Data Security', 11, 213.60000000000002]
   DEBUG: 2026-04-04 01:02:34,244:      pdf_renderer.py:   53: 46, [2, '2.5 Machine Learning for Data Science', 11, 290.8]
   DEBUG: 2026-04-04 01:02:34,244:      pdf_renderer.py:   53: 47, [3, 'What is Machine Learning?', 11, 324.0]
   DEBUG: 2026-04-04 01:02:34,244:      pdf_renderer.py:   53: 48, [3, 'Types of Machine Learning:', 11, 382.79999999999995]
   DEBUG: 2026-04-04 01:02:34,244:      pdf_renderer.py:   53: 49, [3, '1. Supervised Learning', 11, 411.5999999999999]
   DEBUG: 2026-04-04 01:02:34,244:      pdf_renderer.py:   53: 50, [3, '2. Unsupervised Learning', 11, 560.3999999999999]
   DEBUG: 2026-04-04 01:02:34,244:      pdf_renderer.py:   53: 51, [3, '3. Semi-Supervised Learning', 12, 72.0]
   DEBUG: 2026-04-04 01:02:34,244:      pdf_renderer.py:   53: 52, [3, '4. Reinforcement Learning', 12, 184.8]
   DEBUG: 2026-04-04 01:02:34,244:      pdf_renderer.py:   53: 53, [3, 'Comparison Table:', 12, 285.6]
   DEBUG: 2026-04-04 01:02:34,244:      pdf_renderer.py:   53: 54, [2, '2.6 k-Nearest Neighbours (k-NN)', 12, 380.8]
   DEBUG: 2026-04-04 01:02:34,244:      pdf_renderer.py:   53: 55, [3, 'What is k-NN?', 12, 414.0]
   DEBUG: 2026-04-04 01:02:34,244:      pdf_renderer.py:   53: 56, [3, 'How it Works:', 12, 496.79999999999995]
   DEBUG: 2026-04-04 01:02:34,244:      pdf_renderer.py:   53: 57, [3, 'Distance Metrics:', 12, 597.5999999999999]
   DEBUG: 2026-04-04 01:02:34,244:      pdf_renderer.py:   53: 58, [3, 'Effect of k:', 13, 134.4]
   DEBUG: 2026-04-04 01:02:34,244:      pdf_renderer.py:   53: 59, [3, 'Worked Example:', 13, 223.20000000000002]
   DEBUG: 2026-04-04 01:02:34,245:      pdf_renderer.py:   53: 60, [2, '2.7 K-Means Clustering', 13, 438.40000000000003]
   DEBUG: 2026-04-04 01:02:34,245:      pdf_renderer.py:   53: 61, [3, 'What is K-Means?', 13, 471.6]
   DEBUG: 2026-04-04 01:02:34,245:      pdf_renderer.py:   53: 62, [3, 'Algorithm Steps:', 13, 530.4]
   DEBUG: 2026-04-04 01:02:34,245:      pdf_renderer.py:   53: 63, [3, 'Worked Example:', 13, 631.1999999999999]
   DEBUG: 2026-04-04 01:02:34,245:      pdf_renderer.py:   53: 64, [2, '2.8 Outlier Detection', 14, 230.8]
   DEBUG: 2026-04-04 01:02:34,245:      pdf_renderer.py:   53: 65, [3, 'What are Outliers?', 14, 264.0]
   DEBUG: 2026-04-04 01:02:34,245:      pdf_renderer.py:   53: 66, [3, 'Method 1: IQR Method', 14, 322.79999999999995]
   DEBUG: 2026-04-04 01:02:34,245:      pdf_renderer.py:   53: 67, [3, 'Method 2: Z-Score Method', 14, 441.5999999999999]
   DEBUG: 2026-04-04 01:02:34,245:      pdf_renderer.py:   53: 68, [3, 'Comparison:', 14, 524.3999999999999]
   DEBUG: 2026-04-04 01:02:34,245:      pdf_renderer.py:   53: 69, [2, '2.9 Correlation', 14, 595.5999999999998]
   DEBUG: 2026-04-04 01:02:34,245:      pdf_renderer.py:   53: 70, [3, 'Pearson Correlation Coefficient (r):', 14, 646.7999999999997]
   DEBUG: 2026-04-04 01:02:34,245:      pdf_renderer.py:   53: 71, [2, '2.10 Model Evaluation Metrics', 15, 110.8]
   DEBUG: 2026-04-04 01:02:34,245:      pdf_renderer.py:   53: 72, [3, 'Confusion Matrix:', 15, 162.0]
   DEBUG: 2026-04-04 01:02:34,245:      pdf_renderer.py:   53: 73, [3, 'Metrics:', 15, 220.8]
   DEBUG: 2026-04-04 01:02:34,245:      pdf_renderer.py:   53: 74, [3, 'Class Imbalance Problem:', 15, 327.6]
   DEBUG: 2026-04-04 01:02:34,245:      pdf_renderer.py:   53: 75, [2, '2.11 Sampling Techniques', 15, 476.8]
   DEBUG: 2026-04-04 01:02:34,245:      pdf_renderer.py:   53: 76, [1, '🔷 UNIT 3: PYTHON FOR DATA ANALYSIS ', 15, 612.8000000000001]
   DEBUG: 2026-04-04 01:02:34,245:      pdf_renderer.py:   53: 77, [2, '3.1 Introduction to Python (for Data Science)', 15, 662.8000000000001]
   DEBUG: 2026-04-04 01:02:34,245:      pdf_renderer.py:   53: 78, [3, 'Key Python Concepts for Data Science:', 16, 116.4]
   DEBUG: 2026-04-04 01:02:34,245:      pdf_renderer.py:   53: 79, [2, '3.2 NumPy — Numerical Python', 16, 595.5999999999999]
   DEBUG: 2026-04-04 01:02:34,245:      pdf_renderer.py:   53: 80, [3, 'Why NumPy over Python lists?', 16, 646.7999999999998]
   DEBUG: 2026-04-04 01:02:34,245:      pdf_renderer.py:   53: 81, [2, '3.3 Pandas — Data Analysis', 17, 446.8]
   DEBUG: 2026-04-04 01:02:34,245:      pdf_renderer.py:   53: 82, [3, 'Series (1D labelled array):', 17, 498.0]
   DEBUG: 2026-04-04 01:02:34,245:      pdf_renderer.py:   53: 83, [3, 'DataFrame (2D labelled table):', 17, 574.8]
   DEBUG: 2026-04-04 01:02:34,245:      pdf_renderer.py:   53: 84, [3, 'Essential Pandas Operations:', 17, 687.5999999999999]
   DEBUG: 2026-04-04 01:02:34,245:      pdf_renderer.py:   53: 85, [2, '3.4 Matplotlib — Basic Plotting', 19, 398.8]
   DEBUG: 2026-04-04 01:02:34,245:      pdf_renderer.py:   53: 86, [3, 'Line Chart:', 19, 450.0]
   DEBUG: 2026-04-04 01:02:34,245:      pdf_renderer.py:   53: 87, [3, 'Bar Chart:', 19, 610.8]
   DEBUG: 2026-04-04 01:02:34,245:      pdf_renderer.py:   53: 88, [3, 'Histogram (Distribution):', 20, 72.0]
   DEBUG: 2026-04-04 01:02:34,245:      pdf_renderer.py:   53: 89, [3, 'Scatter Plot (Correlation):', 20, 196.8]
   DEBUG: 2026-04-04 01:02:34,245:      pdf_renderer.py:   53: 90, [3, 'Pie Chart:', 20, 297.6]
   DEBUG: 2026-04-04 01:02:34,245:      pdf_renderer.py:   53: 91, [3, 'Subplots (Multiple Charts):', 20, 398.4]
   DEBUG: 2026-04-04 01:02:34,245:      pdf_renderer.py:   53: 92, [3, 'When to Use Each Chart:', 20, 523.1999999999999]
   DEBUG: 2026-04-04 01:02:34,245:      pdf_renderer.py:   53: 93, [2, '3.5 Seaborn — Statistical Visualization', 20, 618.3999999999999]
   DEBUG: 2026-04-04 01:02:34,245:      pdf_renderer.py:   53: 94, [3, 'Key Difference from Matplotlib:', 20, 669.5999999999998]
   DEBUG: 2026-04-04 01:02:34,245:      pdf_renderer.py:   53: 95, [3, 'Boxplot:', 21, 104.4]
   DEBUG: 2026-04-04 01:02:34,245:      pdf_renderer.py:   53: 96, [3, 'Heatmap (Correlation Matrix):', 21, 271.2]
   DEBUG: 2026-04-04 01:02:34,245:      pdf_renderer.py:   53: 97, [3, 'Histogram with KDE:', 21, 359.99999999999994]
   DEBUG: 2026-04-04 01:02:34,245:      pdf_renderer.py:   53: 98, [3, 'Violin Plot:', 21, 436.7999999999999]
   DEBUG: 2026-04-04 01:02:34,245:      pdf_renderer.py:   53: 99, [3, 'Pair Plot:', 21, 561.5999999999998]
   DEBUG: 2026-04-04 01:02:34,246:      pdf_renderer.py:   53: 100, [3, 'Count Plot:', 21, 674.3999999999997]
   DEBUG: 2026-04-04 01:02:34,246:      pdf_renderer.py:   53: 101, [2, '3.6 Folium — Spatial Visualization', 22, 116.80000000000001]
   DEBUG: 2026-04-04 01:02:34,246:      pdf_renderer.py:   53: 102, [3, 'Basic Map:', 22, 168.00000000000003]
   DEBUG: 2026-04-04 01:02:34,246:      pdf_renderer.py:   53: 103, [3, 'Add Markers:', 22, 244.8]
   DEBUG: 2026-04-04 01:02:34,246:      pdf_renderer.py:   53: 104, [3, 'Circle Markers (proportional to data):', 22, 357.59999999999997]
   DEBUG: 2026-04-04 01:02:34,246:      pdf_renderer.py:   53: 105, [3, 'Marker Clustering (for many points):', 22, 482.3999999999999]
   DEBUG: 2026-04-04 01:02:34,246:      pdf_renderer.py:   53: 106, [1, '🔷 BONUS: ADVANCED CONCEPTS (From Question Papers)', 22, 572.0]
   DEBUG: 2026-04-04 01:02:34,246:      pdf_renderer.py:   53: 107, [2, 'B.1 Association Rule Mining', 22, 622.0]
   DEBUG: 2026-04-04 01:02:34,246:      pdf_renderer.py:   53: 108, [2, 'B.2 Data Governance Framework', 23, 146.8]
   DEBUG: 2026-04-04 01:02:34,246:      pdf_renderer.py:   53: 109, [2, 'B.3 Data Drift and Concept Drift', 23, 264.40000000000003]
   DEBUG: 2026-04-04 01:02:34,246:      pdf_renderer.py:   53: 110, [2, 'B.4 The Curse of Dimensionality', 23, 424.00000000000006]
   DEBUG: 2026-04-04 01:02:34,246:      pdf_renderer.py:   53: 111, [2, 'B.5 Interpretability vs Accuracy Trade-off', 23, 547.6]
   DEBUG: 2026-04-04 01:02:34,246:      pdf_renderer.py:   53: 112, [2, '📝 Quick Revision — Key Formulas', 23, 653.1999999999999]
   DEBUG: 2026-04-04 01:02:34,246:      pdf_renderer.py:   53: 113, [2, '📝 Quick Revision — Python Commands', 24, 122.80000000000001]
